Cur SME File Path,Wafer ID,Lot ID,Tool SN,PAD Name,Die Seq,FIELD X,FIELD Y,X(mm),Y(mm),MSE,GOF,NGOF,LBH,regIter,OCD_H1,OCD_H2,OCD_H3,ASi_BCD,ASi_MCD,ASi_TCD,SiN_SPA,ASi_Top_HT,ASi_HT1,SiN_HT1,OX_HT2,SiN_HToff,ASi_Top_HTRatio,SiN_CD_off,ODL_EB
C:/Users/JC1913/Desktop/JC/Jinhua/TD_N19EP_AASOC   EB/2.Spectra/FM/POR AIT0137.00-19 Specturm/POR AIT0137.00-16   Specturm/14-45-34/2026_7_20_14_46_21/AIT0137.00-19_AIT0137.16_A03-090_2026-7-20-14-46-21_Die1_C-1_R4_20260801144544845.sme,AIT0137.00-19,AIT0137.16,A03-090,2026-7-20-14-46-21,1,-1,4,-36.7952,127.7933,19.049,0.999,0.9916,0,20,43.8473,54.5267,13.5788,22.81,15.243,16.263,27.447,54.527,61.265,43.985,24.704,0.992,0.15,22.883,13.579
C:/Users/JC1913/Desktop/JC/Jinhua/TD_N19EP_AASOC   EB/2.Spectra/FM/POR AIT0137.00-19 Specturm/POR AIT0137.00-16   Specturm/14-45-34/2026_7_20_14_46_21/AIT0137.00-19_AIT0137.16_A03-090_2026-7-20-14-46-21_Die2_C0_R4_20260801144546945.sme,AIT0137.00-19,AIT0137.16,A03-090,2026-7-20-14-46-21,2,0,4,-11.2354,127.7933,19.27,0.999,0.9916,0,20,43.4515,54.4636,13.9003,22.299,15.162,16.515,27.424,54.464,61.259,44.092,24.783,1.356,0.152,22.859,13.9
C:/Users/JC1913/Desktop/JC/Jinhua/TD_N19EP_AASOC   EB/2.Spectra/FM/POR AIT0137.00-19 Specturm/POR AIT0137.00-16   Specturm/14-45-34/2026_7_20_14_46_21/AIT0137.00-19_AIT0137.16_A03-090_2026-7-20-14-46-21_Die3_C1_R4_20260801144549044.sme,AIT0137.00-19,AIT0137.16,A03-090,2026-7-20-14-46-21,3,1,4,14.3244,127.7933,18.774,0.999,0.9917,1,20,43.6813,54.3153,13.5287,20.126,17.273,15.331,25.885,54.315,61.255,45.552,22.499,0,0.15,21.011,13.529
C:/Users/JC1913/Desktop/JC/Jinhua/TD_N19EP_AASOC   EB/2.Spectra/FM/POR AIT0137.00-19 Specturm/POR AIT0137.00-16   Specturm/14-45-34/2026_7_20_14_46_21/AIT0137.00-19_AIT0137.16_A03-090_2026-7-20-14-46-21_Die4_C2_R4_20260801144551494.sme,AIT0137.00-19,AIT0137.16,A03-090,2026-7-20-14-46-21,4,2,4,39.8841,127.7933,18.971,0.999,0.9917,1,20,44.2196,54.3629,13.0532,21.177,16.865,15.411,27.481,54.363,61.265,45.076,22.733,0,0.15,22.94,13.053
C:/Users/JC1913/Desktop/JC/Jinhua/TD_N19EP_AASOC   EB/2.Spectra/FM/POR AIT0137.00-19 Specturm/POR AIT0137.00-16   Specturm/14-45-34/2026_7_20_14_46_21/AIT0137.00-19_AIT0137.16_A03-090_2026-7-20-14-46-21_Die5_C-3_R3_20260801144553594.sme,AIT0137.00-19,AIT0137.16,A03-090,2026-7-20-14-46-21,5,-3,3,-87.9148,98.5911,18.701,0.999,0.9917,1,20,44.052,54.5582,13.4113,22.118,15.021,16.107,28.518,54.558,61.291,43.755,24.515,0.401,0.15,23,13.411
C:/Users/JC1913/Desktop/JC/Jinhua/TD_N19EP_AASOC   EB/2.Spectra/FM/POR AIT0137.00-19 Specturm/POR AIT0137.00-16   Specturm/14-45-34/2026_7_20_14_46_21/AIT0137.00-19_AIT0137.16_A03-090_2026-7-20-14-46-21_Die6_C-2_R3_20260801144555694.sme,AIT0137.00-19,AIT0137.16,A03-090,2026-7-20-14-46-21,6,-2,3,-62.355,98.5911,18.98,0.999,0.9917,1,20,44.296,54.5328,13.1488,19.506,17.624,15.422,25.889,54.533,61.725,45.671,22.312,0,0.155,21.251,13.149
C:/Users/JC1913/Desktop/JC/Jinhua/TD_N19EP_AASOC   EB/2.Spectra/FM/POR AIT0137.00-19 Specturm/POR AIT0137.00-16   Specturm/14-45-34/2026_7_20_14_46_21/AIT0137.00-19_AIT0137.16_A03-090_2026-7-20-14-46-21_Die7_C-1_R3_20260801144557794.sme,AIT0137.00-19,AIT0137.16,A03-090,2026-7-20-14-46-21,7,-1,3,-36.7952,98.5911,19.824,0.999,0.9914,0,20,44.9633,56.3428,14.3102,22.504,14.881,17.356,27.866,56.343,62.582,43.52,25.191,3.267,0.178,20.204,14.31
C:/Users/JC1913/Desktop/JC/Jinhua/TD_N19EP_AASOC   EB/2.Spectra/FM/POR AIT0137.00-19 Specturm/POR AIT0137.00-16   Specturm/14-45-34/2026_7_20_14_46_21/AIT0137.00-19_AIT0137.16_A03-090_2026-7-20-14-46-21_Die8_C0_R3_20260801144559894.sme,AIT0137.00-19,AIT0137.16,A03-090,2026-7-20-14-46-21,8,0,3,-11.2354,98.5911,19.641,0.999,0.9915,1,20,45.8919,56.4744,13.5393,19.55,17.693,15.318,22.998,56.474,63.392,45.948,22.088,0,0.302,18.703,13.539
C:/Users/JC1913/Desktop/JC/Jinhua/TD_N19EP_AASOC   EB/2.Spectra/FM/POR AIT0137.00-19 Specturm/POR AIT0137.00-16   Specturm/14-45-34/2026_7_20_14_46_21/AIT0137.00-19_AIT0137.16_A03-090_2026-7-20-14-46-21_Die9_C1_R3_20260801144601994.sme,AIT0137.00-19,AIT0137.16,A03-090,2026-7-20-14-46-21,9,1,3,14.3244,98.5911,20.125,0.999,0.9913,0,17,45.1562,57.3522,15.1322,24.028,13.756,18.07,29.931,57.352,63.217,42.349,26.352,4.926,0.15,21.153,15.132
C:/Users/JC1913/Desktop/JC/Jinhua/TD_N19EP_AASOC   EB/2.Spectra/FM/POR AIT0137.00-19 Specturm/POR AIT0137.00-16   Specturm/14-45-34/2026_7_20_14_46_21/AIT0137.00-19_AIT0137.16_A03-090_2026-7-20-14-46-21_Die10_C2_R3_20260801144604094.sme,AIT0137.00-19,AIT0137.16,A03-090,2026-7-20-14-46-21,10,2,3,39.8841,98.5911,19.798,0.999,0.9914,0,20,44.8184,56.1962,14.3045,21.945,15.662,16.741,28.56,56.196,62.759,43.753,24.56,1.401,0.15,22.515,14.304
C:/Users/JC1913/Desktop/JC/Jinhua/TD_N19EP_AASOC   EB/2.Spectra/FM/POR AIT0137.00-19 Specturm/POR AIT0137.00-16   Specturm/14-45-34/2026_7_20_14_46_21/AIT0137.00-19_AIT0137.16_A03-090_2026-7-20-14-46-21_Die11_C3_R3_20260801144606194.sme,AIT0137.00-19,AIT0137.16,A03-090,2026-7-20-14-46-21,11,3,3,65.4439,98.5911,19.269,0.999,0.9916,1,15,43.6457,54.2343,13.4822,19.177,17.984,15.159,24.664,54.234,61.709,45.967,21.993,0,0.197,20.007,13.482
C:/Users/JC1913/Desktop/JC/Jinhua/TD_N19EP_AASOC   EB/2.Spectra/FM/POR AIT0137.00-19 Specturm/POR AIT0137.00-16   Specturm/14-45-34/2026_7_20_14_46_21/AIT0137.00-19_AIT0137.16_A03-090_2026-7-20-14-46-21_Die12_C4_R3_20260801144608644.sme,AIT0137.00-19,AIT0137.16,A03-090,2026-7-20-14-46-21,12,4,3,91.0037,98.5911,18.844,0.999,0.9917,1,20,43.7845,54.0391,13.1521,22.649,16.11,15.655,27.64,54.039,61.612,44.473,23.999,0,0.15,22.999,13.152
C:/Users/JC1913/Desktop/JC/Jinhua/TD_N19EP_AASOC   EB/2.Spectra/FM/POR AIT0137.00-19 Specturm/POR AIT0137.00-16   Specturm/14-45-34/2026_7_20_14_46_21/AIT0137.00-19_AIT0137.16_A03-090_2026-7-20-14-46-21_Die13_C-4_R2_20260801144610744.sme,AIT0137.00-19,AIT0137.16,A03-090,2026-7-20-14-46-21,13,-4,2,-113.475,69.3889,19.06,0.999,0.9916,1,13,44.2166,53.7124,12.4055,19.06,17.866,14.389,22.147,53.712,61.637,46.797,20.8,0,0.306,16.085,12.406
C:/Users/JC1913/Desktop/JC/Jinhua/TD_N19EP_AASOC   EB/2.Spectra/FM/POR AIT0137.00-19 Specturm/POR AIT0137.00-16   Specturm/14-45-34/2026_7_20_14_46_21/AIT0137.00-19_AIT0137.16_A03-090_2026-7-20-14-46-21_Die14_C-3_R2_20260801144612844.sme,AIT0137.00-19,AIT0137.16,A03-090,2026-7-20-14-46-21,14,-3,2,-87.9148,69.3889,19.868,0.999,0.9914,0,20,44.3554,55.8999,14.4582,23.755,13.549,17.685,29.936,55.9,62.129,42.111,26.297,3.279,0.15,21.681,14.458
C:/Users/JC1913/Desktop/JC/Jinhua/TD_N19EP_AASOC   EB/2.Spectra/FM/POR AIT0137.00-19 Specturm/POR AIT0137.00-16   Specturm/14-45-34/2026_7_20_14_46_21/AIT0137.00-19_AIT0137.16_A03-090_2026-7-20-14-46-21_Die15_C-2_R2_20260801144614943.sme,AIT0137.00-19,AIT0137.16,A03-090,2026-7-20-14-46-21,15,-2,2,-62.355,69.3889,19.986,0.999,0.9914,1,20,46.3846,56.7627,13.3489,19.408,17.891,15.106,22.373,56.763,63.634,46.003,21.851,0,0.323,18.482,13.349
C:/Users/JC1913/Desktop/JC/Jinhua/TD_N19EP_AASOC   EB/2.Spectra/FM/POR AIT0137.00-19 Specturm/POR AIT0137.00-16   Specturm/14-45-34/2026_7_20_14_46_21/AIT0137.00-19_AIT0137.16_A03-090_2026-7-20-14-46-21_Die16_C-1_R2_20260801144617043.sme,AIT0137.00-19,AIT0137.16,A03-090,2026-7-20-14-46-21,16,-1,2,-36.7952,69.3889,19.999,0.999,0.9914,1,20,45.5142,56.279,13.7111,19.445,18.117,15.228,22.412,56.279,63.385,46.033,22.049,0,0.322,18.659,13.711
C:/Users/JC1913/Desktop/JC/Jinhua/TD_N19EP_AASOC   EB/2.Spectra/FM/POR AIT0137.00-19 Specturm/POR AIT0137.00-16   Specturm/14-45-34/2026_7_20_14_46_21/AIT0137.00-19_AIT0137.16_A03-090_2026-7-20-14-46-21_Die17_C0_R2_20260801144619143.sme,AIT0137.00-19,AIT0137.16,A03-090,2026-7-20-14-46-21,17,0,2,-11.2354,69.3889,20.15,0.999,0.9913,0,20,44.4989,57.0746,15.4934,24.695,14.064,18.333,29.664,57.075,62.813,42.22,26.874,5.816,0.15,20.566,15.493
C:/Users/JC1913/Desktop/JC/Jinhua/TD_N19EP_AASOC   EB/2.Spectra/FM/POR AIT0137.00-19 Specturm/POR AIT0137.00-16   Specturm/14-45-34/2026_7_20_14_46_21/AIT0137.00-19_AIT0137.16_A03-090_2026-7-20-14-46-21_Die18_C1_R2_20260801144621244.sme,AIT0137.00-19,AIT0137.16,A03-090,2026-7-20-14-46-21,18,1,2,14.3244,69.3889,20.06,0.999,0.9913,0,20,44.3046,56.5765,15.1842,23.025,14.913,17.79,28.442,56.577,62.673,43.304,25.408,4.477,0.174,20.033,15.184
C:/Users/JC1913/Desktop/JC/Jinhua/TD_N19EP_AASOC   EB/2.Spectra/FM/POR AIT0137.00-19 Specturm/POR AIT0137.00-16   Specturm/14-45-34/2026_7_20_14_46_21/AIT0137.00-19_AIT0137.16_A03-090_2026-7-20-14-46-21_Die19_C2_R2_20260801144623343.sme,AIT0137.00-19,AIT0137.16,A03-090,2026-7-20-14-46-21,19,2,2,39.8841,69.3889,20.102,0.999,0.9913,0,20,44.7163,57.1928,15.4003,23.249,14.982,17.458,28.96,57.193,63.453,42.8,25.821,3.38,0.15,21.149,15.4
C:/Users/JC1913/Desktop/JC/Jinhua/TD_N19EP_AASOC   EB/2.Spectra/FM/POR AIT0137.00-19 Specturm/POR AIT0137.00-16   Specturm/14-45-34/2026_7_20_14_46_21/AIT0137.00-19_AIT0137.16_A03-090_2026-7-20-14-46-21_Die20_C3_R2_20260801144625443.sme,AIT0137.00-19,AIT0137.16,A03-090,2026-7-20-14-46-21,20,3,2,65.4439,69.3889,20.151,0.999,0.9913,0,20,45.1666,57.6365,15.4063,24.323,13.988,17.896,29.451,57.636,63.27,42.133,26.5,4.416,0.15,20.812,15.406
C:/Users/JC1913/Desktop/JC/Jinhua/TD_N19EP_AASOC   EB/2.Spectra/FM/POR AIT0137.00-19 Specturm/POR AIT0137.00-16   Specturm/14-45-34/2026_7_20_14_46_21/AIT0137.00-19_AIT0137.16_A03-090_2026-7-20-14-46-21_Die21_C4_R2_20260801144627543.sme,AIT0137.00-19,AIT0137.16,A03-090,2026-7-20-14-46-21,21,4,2,91.0037,69.3889,19.665,0.999,0.9915,1,20,43.8458,54.7075,13.761,18.755,17.889,14.841,21.696,54.707,61.982,46.465,21.41,0,0.329,17.291,13.761
C:/Users/JC1913/Desktop/JC/Jinhua/TD_N19EP_AASOC   EB/2.Spectra/FM/POR AIT0137.00-19 Specturm/POR AIT0137.00-16   Specturm/14-45-34/2026_7_20_14_46_21/AIT0137.00-19_AIT0137.16_A03-090_2026-7-20-14-46-21_Die22_C5_R2_20260801144630343.sme,AIT0137.00-19,AIT0137.16,A03-090,2026-7-20-14-46-21,22,5,2,116.5635,69.3889,19.051,0.999,0.9916,1,20,43.5289,54.0481,13.4096,19.376,17.215,14.946,22.729,54.048,61.711,46.121,22.006,0,0.271,17.157,13.41
C:/Users/JC1913/Desktop/JC/Jinhua/TD_N19EP_AASOC   EB/2.Spectra/FM/POR AIT0137.00-19 Specturm/POR AIT0137.00-16   Specturm/14-45-34/2026_7_20_14_46_21/AIT0137.00-19_AIT0137.16_A03-090_2026-7-20-14-46-21_Die23_C-4_R1_20260801144632443.sme,AIT0137.00-19,AIT0137.16,A03-090,2026-7-20-14-46-21,23,-4,1,-113.475,40.1867,18.865,0.999,0.9917,1,20,43.6273,53.8063,13.0722,19.427,17.431,15.446,25.188,53.806,61.456,45.887,22.511,0,0.161,20.538,13.072
C:/Users/JC1913/Desktop/JC/Jinhua/TD_N19EP_AASOC   EB/2.Spectra/FM/POR AIT0137.00-19 Specturm/POR AIT0137.00-16   Specturm/14-45-34/2026_7_20_14_46_21/AIT0137.00-19_AIT0137.16_A03-090_2026-7-20-14-46-21_Die24_C-3_R1_20260801144634543.sme,AIT0137.00-19,AIT0137.16,A03-090,2026-7-20-14-46-21,24,-3,1,-87.9148,40.1867,19.71,0.999,0.9914,1,20,46.185,56.6795,13.4596,19.248,17.833,15.236,22.225,56.679,63.423,46.078,21.724,0,0.34,17.825,13.46
C:/Users/JC1913/Desktop/JC/Jinhua/TD_N19EP_AASOC   EB/2.Spectra/FM/POR AIT0137.00-19 Specturm/POR AIT0137.00-16   Specturm/14-45-34/2026_7_20_14_46_21/AIT0137.00-19_AIT0137.16_A03-090_2026-7-20-14-46-21_Die25_C-2_R1_20260801144636643.sme,AIT0137.00-19,AIT0137.16,A03-090,2026-7-20-14-46-21,25,-2,1,-62.355,40.1867,19.88,0.999,0.9914,1,20,45.4234,56.2436,13.7639,19.502,17.88,15.384,22.602,56.244,63.357,45.915,22.274,0,0.321,18.708,13.764
C:/Users/JC1913/Desktop/JC/Jinhua/TD_N19EP_AASOC   EB/2.Spectra/FM/POR AIT0137.00-19 Specturm/POR AIT0137.00-16   Specturm/14-45-34/2026_7_20_14_46_21/AIT0137.00-19_AIT0137.16_A03-090_2026-7-20-14-46-21_Die26_C-1_R1_20260801144638743.sme,AIT0137.00-19,AIT0137.16,A03-090,2026-7-20-14-46-21,26,-1,1,-36.7952,40.1867,20.024,0.999,0.9913,1,20,45.2542,56.0498,13.7345,19.786,17.992,15.599,22.946,56.05,62.555,45.859,22.532,0,0.319,20.059,13.735
C:/Users/JC1913/Desktop/JC/Jinhua/TD_N19EP_AASOC   EB/2.Spectra/FM/POR AIT0137.00-19 Specturm/POR AIT0137.00-16   Specturm/14-45-34/2026_7_20_14_46_21/AIT0137.00-19_AIT0137.16_A03-090_2026-7-20-14-46-21_Die27_C0_R1_20260801144640843.sme,AIT0137.00-19,AIT0137.16,A03-090,2026-7-20-14-46-21,27,0,1,-11.2354,40.1867,19.716,0.999,0.9914,1,20,45.5653,56.2242,13.6067,19.462,18.894,15.448,25.093,56.224,63.096,45.695,22.262,0,0.164,20.41,13.607
C:/Users/JC1913/Desktop/JC/Jinhua/TD_N19EP_AASOC   EB/2.Spectra/FM/POR AIT0137.00-19 Specturm/POR AIT0137.00-16   Specturm/14-45-34/2026_7_20_14_46_21/AIT0137.00-19_AIT0137.16_A03-090_2026-7-20-14-46-21_Die28_C1_R1_20260801144642942.sme,AIT0137.00-19,AIT0137.16,A03-090,2026-7-20-14-46-21,28,1,1,14.3244,40.1867,20.267,0.999,0.9913,1,20,44.9722,57.2243,15.1831,26.432,13.336,18.648,30,57.224,62.662,41.034,28.044,6.873,0.15,20.906,15.183
C:/Users/JC1913/Desktop/JC/Jinhua/TD_N19EP_AASOC   EB/2.Spectra/FM/POR AIT0137.00-19 Specturm/POR AIT0137.00-16   Specturm/14-45-34/2026_7_20_14_46_21/AIT0137.00-19_AIT0137.16_A03-090_2026-7-20-14-46-21_Die29_C2_R1_20260801144645043.sme,AIT0137.00-19,AIT0137.16,A03-090,2026-7-20-14-46-21,29,2,1,39.8841,40.1867,20.122,0.999,0.9913,0,20,43.4402,56.2708,15.7185,24.959,14.146,18.524,29.785,56.271,62.676,42.151,27.076,6.247,0.15,20.516,15.718
C:/Users/JC1913/Desktop/JC/Jinhua/TD_N19EP_AASOC   EB/2.Spectra/FM/POR AIT0137.00-19 Specturm/POR AIT0137.00-16   Specturm/14-45-34/2026_7_20_14_46_21/AIT0137.00-19_AIT0137.16_A03-090_2026-7-20-14-46-21_Die30_C3_R1_20260801144647143.sme,AIT0137.00-19,AIT0137.16,A03-090,2026-7-20-14-46-21,30,3,1,65.4439,40.1867,19.984,0.999,0.9914,1,20,44.5704,55.824,14.1733,19.933,17.97,15.524,22.816,55.824,62.969,45.719,22.63,0,0.288,19.505,14.173
C:/Users/JC1913/Desktop/JC/Jinhua/TD_N19EP_AASOC   EB/2.Spectra/FM/POR AIT0137.00-19 Specturm/POR AIT0137.00-16   Specturm/14-45-34/2026_7_20_14_46_21/AIT0137.00-19_AIT0137.16_A03-090_2026-7-20-14-46-21_Die31_C4_R1_20260801144649242.sme,AIT0137.00-19,AIT0137.16,A03-090,2026-7-20-14-46-21,31,4,1,91.0037,40.1867,19.89,0.999,0.9914,1,20,44.8416,55.7169,13.8026,19.43,17.627,15.638,23.383,55.717,62.991,46.007,22.385,0,0.26,19.985,13.803
C:/Users/JC1913/Desktop/JC/Jinhua/TD_N19EP_AASOC   EB/2.Spectra/FM/POR AIT0137.00-19 Specturm/POR AIT0137.00-16   Specturm/14-45-34/2026_7_20_14_46_21/AIT0137.00-19_AIT0137.16_A03-090_2026-7-20-14-46-21_Die32_C5_R1_20260801144652043.sme,AIT0137.00-19,AIT0137.16,A03-090,2026-7-20-14-46-21,32,5,1,116.5635,40.1867,19.319,0.999,0.9916,1,20,43.5917,55.2754,14.5759,23.224,13.696,17.119,29.096,55.275,61.285,42.217,26.572,1.675,0.15,23,14.576
C:/Users/JC1913/Desktop/JC/Jinhua/TD_N19EP_AASOC   EB/2.Spectra/FM/POR AIT0137.00-19 Specturm/POR AIT0137.00-16   Specturm/14-45-34/2026_7_20_14_46_21/AIT0137.00-19_AIT0137.16_A03-090_2026-7-20-14-46-21_Die33_C-4_R0_20260801144654142.sme,AIT0137.00-19,AIT0137.16,A03-090,2026-7-20-14-46-21,33,-4,0,-113.475,10.9845,19.326,0.999,0.9916,1,20,44.0528,54.6548,13.5072,19.088,17.907,15.386,23.636,54.655,62.245,46.068,22.451,0,0.205,18.866,13.507
C:/Users/JC1913/Desktop/JC/Jinhua/TD_N19EP_AASOC   EB/2.Spectra/FM/POR AIT0137.00-19 Specturm/POR AIT0137.00-16   Specturm/14-45-34/2026_7_20_14_46_21/AIT0137.00-19_AIT0137.16_A03-090_2026-7-20-14-46-21_Die34_C-3_R0_20260801144656242.sme,AIT0137.00-19,AIT0137.16,A03-090,2026-7-20-14-46-21,34,-3,0,-87.9148,10.9845,20.158,0.999,0.9913,0,20,45.2443,57.6956,15.39,24.748,13.775,18.185,29.11,57.696,63.514,42.064,26.911,5.409,0.15,20.046,15.39
C:/Users/JC1913/Desktop/JC/Jinhua/TD_N19EP_AASOC   EB/2.Spectra/FM/POR AIT0137.00-19 Specturm/POR AIT0137.00-16   Specturm/14-45-34/2026_7_20_14_46_21/AIT0137.00-19_AIT0137.16_A03-090_2026-7-20-14-46-21_Die35_C-2_R0_20260801144658342.sme,AIT0137.00-19,AIT0137.16,A03-090,2026-7-20-14-46-21,35,-2,0,-62.355,10.9845,19.97,0.999,0.9914,0,19,43.5866,56.1558,15.4612,24.384,14.335,18.355,29.181,56.156,62.343,42.516,26.728,5.831,0.15,20.053,15.461
C:/Users/JC1913/Desktop/JC/Jinhua/TD_N19EP_AASOC   EB/2.Spectra/FM/POR AIT0137.00-19 Specturm/POR AIT0137.00-16   Specturm/14-45-34/2026_7_20_14_46_21/AIT0137.00-19_AIT0137.16_A03-090_2026-7-20-14-46-21_Die36_C-1_R0_20260801144700443.sme,AIT0137.00-19,AIT0137.16,A03-090,2026-7-20-14-46-21,36,-1,0,-36.7952,10.9845,20.142,0.999,0.9913,0,20,44.5248,56.7356,15.1293,25.168,14.176,18.491,29.999,56.736,62.497,41.898,27.253,6.461,0.15,20.832,15.129
C:/Users/JC1913/Desktop/JC/Jinhua/TD_N19EP_AASOC   EB/2.Spectra/FM/POR AIT0137.00-19 Specturm/POR AIT0137.00-16   Specturm/14-45-34/2026_7_20_14_46_21/AIT0137.00-19_AIT0137.16_A03-090_2026-7-20-14-46-21_Die37_C0_R0_20260801144702545.sme,AIT0137.00-19,AIT0137.16,A03-090,2026-7-20-14-46-21,37,0,0,-11.2354,10.9845,20.211,0.999,0.9913,0,20,45.2149,57.4251,15.1481,25.85,14.089,18.656,30,57.425,63.274,41.427,28.034,7.368,0.15,20.627,15.148
C:/Users/JC1913/Desktop/JC/Jinhua/TD_N19EP_AASOC   EB/2.Spectra/FM/POR AIT0137.00-19 Specturm/POR AIT0137.00-16   Specturm/14-45-34/2026_7_20_14_46_21/AIT0137.00-19_AIT0137.16_A03-090_2026-7-20-14-46-21_Die38_C1_R0_20260801144704642.sme,AIT0137.00-19,AIT0137.16,A03-090,2026-7-20-14-46-21,38,1,0,14.3244,10.9845,20.176,0.999,0.9913,0,20,44.984,57.2567,15.2041,25.764,14.109,18.676,29.998,57.257,63.148,41.538,27.848,7.338,0.15,20.665,15.204
C:/Users/JC1913/Desktop/JC/Jinhua/TD_N19EP_AASOC   EB/2.Spectra/FM/POR AIT0137.00-19 Specturm/POR AIT0137.00-16   Specturm/14-45-34/2026_7_20_14_46_21/AIT0137.00-19_AIT0137.16_A03-090_2026-7-20-14-46-21_Die39_C2_R0_20260801144706742.sme,AIT0137.00-19,AIT0137.16,A03-090,2026-7-20-14-46-21,39,2,0,39.8841,10.9845,20.084,0.999,0.9913,0,20,43.7195,56.3375,15.5138,25.32,14.119,18.647,29.99,56.337,62.499,41.887,27.444,6.828,0.15,20.649,15.514
C:/Users/JC1913/Desktop/JC/Jinhua/TD_N19EP_AASOC   EB/2.Spectra/FM/POR AIT0137.00-19 Specturm/POR AIT0137.00-16   Specturm/14-45-34/2026_7_20_14_46_21/AIT0137.00-19_AIT0137.16_A03-090_2026-7-20-14-46-21_Die40_C3_R0_20260801144708842.sme,AIT0137.00-19,AIT0137.16,A03-090,2026-7-20-14-46-21,40,3,0,65.4439,10.9845,19.981,0.999,0.9914,0,20,43.2831,56.2515,15.8519,24.581,14.043,18.496,29.135,56.251,62.676,42.224,27.038,6.09,0.15,19.866,15.852
C:/Users/JC1913/Desktop/JC/Jinhua/TD_N19EP_AASOC   EB/2.Spectra/FM/POR AIT0137.00-19 Specturm/POR AIT0137.00-16   Specturm/14-45-34/2026_7_20_14_46_21/AIT0137.00-19_AIT0137.16_A03-090_2026-7-20-14-46-21_Die41_C4_R0_20260801144710942.sme,AIT0137.00-19,AIT0137.16,A03-090,2026-7-20-14-46-21,41,4,0,91.0037,10.9845,19.734,0.999,0.9914,1,20,44.9361,56.1937,14.1876,19.696,17.681,15.653,23.454,56.194,63.127,45.745,22.707,0,0.242,19.627,14.188
C:/Users/JC1913/Desktop/JC/Jinhua/TD_N19EP_AASOC   EB/2.Spectra/FM/POR AIT0137.00-19 Specturm/POR AIT0137.00-16   Specturm/14-45-34/2026_7_20_14_46_21/AIT0137.00-19_AIT0137.16_A03-090_2026-7-20-14-46-21_Die42_C5_R0_20260801144713742.sme,AIT0137.00-19,AIT0137.16,A03-090,2026-7-20-14-46-21,42,5,0,116.5635,10.9845,19.56,0.999,0.9915,0,20,43.2145,55.3284,14.9954,23.511,13.701,17.761,28.925,55.328,61.49,42.716,25.944,4.207,0.152,20.999,14.995
C:/Users/JC1913/Desktop/JC/Jinhua/TD_N19EP_AASOC   EB/2.Spectra/FM/POR AIT0137.00-19 Specturm/POR AIT0137.00-16   Specturm/14-45-34/2026_7_20_14_46_21/AIT0137.00-19_AIT0137.16_A03-090_2026-7-20-14-46-21_Die43_C-4_R-1_20260801144715842.sme,AIT0137.00-19,AIT0137.16,A03-090,2026-7-20-14-46-21,43,-4,-1,-113.475,-18.2178,19.28,0.999,0.9916,1,20,43.8173,54.3628,13.4441,18.919,17.951,15.329,23.062,54.363,62.035,46.234,22.446,0,0.223,18.311,13.444
C:/Users/JC1913/Desktop/JC/Jinhua/TD_N19EP_AASOC   EB/2.Spectra/FM/POR AIT0137.00-19 Specturm/POR AIT0137.00-16   Specturm/14-45-34/2026_7_20_14_46_21/AIT0137.00-19_AIT0137.16_A03-090_2026-7-20-14-46-21_Die44_C-3_R-1_20260801144717942.sme,AIT0137.00-19,AIT0137.16,A03-090,2026-7-20-14-46-21,44,-3,-1,-87.9148,-18.2178,20.193,0.999,0.9913,0,20,45.068,57.4917,15.3574,24.326,13.899,18.143,28.997,57.492,63.504,42.326,26.623,5.343,0.15,20.012,15.357
C:/Users/JC1913/Desktop/JC/Jinhua/TD_N19EP_AASOC   EB/2.Spectra/FM/POR AIT0137.00-19 Specturm/POR AIT0137.00-16   Specturm/14-45-34/2026_7_20_14_46_21/AIT0137.00-19_AIT0137.16_A03-090_2026-7-20-14-46-21_Die45_C-2_R-1_20260801144720042.sme,AIT0137.00-19,AIT0137.16,A03-090,2026-7-20-14-46-21,45,-2,-1,-62.355,-18.2178,20.133,0.999,0.9913,0,16,44.5092,57.215,15.6238,24.433,14.243,18.406,28.814,57.215,62.763,42.394,26.84,6.466,0.158,19.631,15.624
C:/Users/JC1913/Desktop/JC/Jinhua/TD_N19EP_AASOC   EB/2.Spectra/FM/POR AIT0137.00-19 Specturm/POR AIT0137.00-16   Specturm/14-45-34/2026_7_20_14_46_21/AIT0137.00-19_AIT0137.16_A03-090_2026-7-20-14-46-21_Die46_C-1_R-1_20260801144722142.sme,AIT0137.00-19,AIT0137.16,A03-090,2026-7-20-14-46-21,46,-1,-1,-36.7952,-18.2178,20.2,0.999,0.9913,0,20,44.7535,57.2252,15.3965,25.455,14.01,18.584,29.972,57.225,62.709,41.66,27.691,6.947,0.15,20.681,15.397
C:/Users/JC1913/Desktop/JC/Jinhua/TD_N19EP_AASOC   EB/2.Spectra/FM/POR AIT0137.00-19 Specturm/POR AIT0137.00-16   Specturm/14-45-34/2026_7_20_14_46_21/AIT0137.00-19_AIT0137.16_A03-090_2026-7-20-14-46-21_Die47_C0_R-1_20260801144724241.sme,AIT0137.00-19,AIT0137.16,A03-090,2026-7-20-14-46-21,47,0,-1,-11.2354,-18.2178,20.137,0.999,0.9913,0,20,44.5698,56.9206,15.2705,25.014,14.556,18.578,29.176,56.921,62.816,41.965,27.641,7.281,0.158,19.732,15.27
C:/Users/JC1913/Desktop/JC/Jinhua/TD_N19EP_AASOC   EB/2.Spectra/FM/POR AIT0137.00-19 Specturm/POR AIT0137.00-16   Specturm/14-45-34/2026_7_20_14_46_21/AIT0137.00-19_AIT0137.16_A03-090_2026-7-20-14-46-21_Die48_C1_R-1_20260801144726342.sme,AIT0137.00-19,AIT0137.16,A03-090,2026-7-20-14-46-21,48,1,-1,14.3244,-18.2178,19.99,0.999,0.9914,1,20,44.9856,56.0145,13.9603,20.027,18.312,15.694,24.101,56.015,63.082,45.532,22.874,0,0.274,21.048,13.96
C:/Users/JC1913/Desktop/JC/Jinhua/TD_N19EP_AASOC   EB/2.Spectra/FM/POR AIT0137.00-19 Specturm/POR AIT0137.00-16   Specturm/14-45-34/2026_7_20_14_46_21/AIT0137.00-19_AIT0137.16_A03-090_2026-7-20-14-46-21_Die49_C2_R-1_20260801144728442.sme,AIT0137.00-19,AIT0137.16,A03-090,2026-7-20-14-46-21,49,2,-1,39.8841,-18.2178,20.097,0.999,0.9913,0,20,43.5515,56.0225,15.362,25.24,13.988,18.664,29.998,56.022,62.387,42.014,27.345,7.033,0.15,20.814,15.362
C:/Users/JC1913/Desktop/JC/Jinhua/TD_N19EP_AASOC   EB/2.Spectra/FM/POR AIT0137.00-19 Specturm/POR AIT0137.00-16   Specturm/14-45-34/2026_7_20_14_46_21/AIT0137.00-19_AIT0137.16_A03-090_2026-7-20-14-46-21_Die50_C3_R-1_20260801144730542.sme,AIT0137.00-19,AIT0137.16,A03-090,2026-7-20-14-46-21,50,3,-1,65.4439,-18.2178,20.174,0.999,0.9913,0,20,43.7296,56.5514,15.7179,24.839,13.912,18.548,29.441,56.551,62.765,42.018,26.993,6.463,0.15,20.061,15.718
C:/Users/JC1913/Desktop/JC/Jinhua/TD_N19EP_AASOC   EB/2.Spectra/FM/POR AIT0137.00-19 Specturm/POR AIT0137.00-16   Specturm/14-45-34/2026_7_20_14_46_21/AIT0137.00-19_AIT0137.16_A03-090_2026-7-20-14-46-21_Die51_C4_R-1_20260801144732641.sme,AIT0137.00-19,AIT0137.16,A03-090,2026-7-20-14-46-21,51,4,-1,91.0037,-18.2178,19.732,0.999,0.9914,1,20,44.9477,55.9912,13.9738,19.496,17.705,15.517,22.683,55.991,63.033,45.91,22.389,0,0.296,19.01,13.974
C:/Users/JC1913/Desktop/JC/Jinhua/TD_N19EP_AASOC   EB/2.Spectra/FM/POR AIT0137.00-19 Specturm/POR AIT0137.00-16   Specturm/14-45-34/2026_7_20_14_46_21/AIT0137.00-19_AIT0137.16_A03-090_2026-7-20-14-46-21_Die52_C5_R-1_20260801144735442.sme,AIT0137.00-19,AIT0137.16,A03-090,2026-7-20-14-46-21,52,5,-1,116.5635,-18.2178,19.573,0.999,0.9915,1,20,43.5099,54.3739,13.7539,19.228,17.803,15.079,21.738,54.374,61.913,46.308,22.052,0,0.304,17.528,13.754
C:/Users/JC1913/Desktop/JC/Jinhua/TD_N19EP_AASOC   EB/2.Spectra/FM/POR AIT0137.00-19 Specturm/POR AIT0137.00-16   Specturm/14-45-34/2026_7_20_14_46_21/AIT0137.00-19_AIT0137.16_A03-090_2026-7-20-14-46-21_Die53_C-4_R-2_20260801144737542.sme,AIT0137.00-19,AIT0137.16,A03-090,2026-7-20-14-46-21,53,-4,-2,-113.475,-47.42,18.936,0.999,0.9917,1,20,43.6683,53.9341,13.1602,18.851,17.488,15.3,23.622,53.934,61.518,46.107,22.272,0,0.239,18.861,13.16
C:/Users/JC1913/Desktop/JC/Jinhua/TD_N19EP_AASOC   EB/2.Spectra/FM/POR AIT0137.00-19 Specturm/POR AIT0137.00-16   Specturm/14-45-34/2026_7_20_14_46_21/AIT0137.00-19_AIT0137.16_A03-090_2026-7-20-14-46-21_Die54_C-3_R-2_20260801144739642.sme,AIT0137.00-19,AIT0137.16,A03-090,2026-7-20-14-46-21,54,-3,-2,-87.9148,-47.42,19.759,0.999,0.9914,1,20,45.9218,56.4741,13.51,20.111,17.497,15.606,24.672,56.474,63.256,45.544,22.655,0,0.224,20.307,13.51
C:/Users/JC1913/Desktop/JC/Jinhua/TD_N19EP_AASOC   EB/2.Spectra/FM/POR AIT0137.00-19 Specturm/POR AIT0137.00-16   Specturm/14-45-34/2026_7_20_14_46_21/AIT0137.00-19_AIT0137.16_A03-090_2026-7-20-14-46-21_Die55_C-2_R-2_20260801144741742.sme,AIT0137.00-19,AIT0137.16,A03-090,2026-7-20-14-46-21,55,-2,-2,-62.355,-47.42,20.099,0.999,0.9913,0,20,44.3543,56.542,15.1013,20.842,16.012,17.408,26.062,56.542,63.403,44.497,24.24,4.027,0.228,18.152,15.101
C:/Users/JC1913/Desktop/JC/Jinhua/TD_N19EP_AASOC   EB/2.Spectra/FM/POR AIT0137.00-19 Specturm/POR AIT0137.00-16   Specturm/14-45-34/2026_7_20_14_46_21/AIT0137.00-19_AIT0137.16_A03-090_2026-7-20-14-46-21_Die56_C-1_R-2_20260801144743841.sme,AIT0137.00-19,AIT0137.16,A03-090,2026-7-20-14-46-21,56,-1,-2,-36.7952,-47.42,20.178,0.999,0.9913,0,20,44.1939,56.3366,15.0518,21.795,15.248,18.164,26.007,56.337,62.691,44.069,24.976,6.305,0.257,17.003,15.052
C:/Users/JC1913/Desktop/JC/Jinhua/TD_N19EP_AASOC   EB/2.Spectra/FM/POR AIT0137.00-19 Specturm/POR AIT0137.00-16   Specturm/14-45-34/2026_7_20_14_46_21/AIT0137.00-19_AIT0137.16_A03-090_2026-7-20-14-46-21_Die57_C0_R-2_20260801144745941.sme,AIT0137.00-19,AIT0137.16,A03-090,2026-7-20-14-46-21,57,0,-2,-11.2354,-47.42,20.172,0.999,0.9913,0,20,44.3894,56.8624,15.3876,24.977,14.141,18.601,29.649,56.862,62.554,42.015,27.206,6.902,0.152,20.317,15.388
C:/Users/JC1913/Desktop/JC/Jinhua/TD_N19EP_AASOC   EB/2.Spectra/FM/POR AIT0137.00-19 Specturm/POR AIT0137.00-16   Specturm/14-45-34/2026_7_20_14_46_21/AIT0137.00-19_AIT0137.16_A03-090_2026-7-20-14-46-21_Die58_C1_R-2_20260801144748041.sme,AIT0137.00-19,AIT0137.16,A03-090,2026-7-20-14-46-21,58,1,-2,14.3244,-47.42,20.059,0.999,0.9913,0,20,43.4932,55.8688,15.265,24.563,14.463,18.47,29.75,55.869,62.264,42.34,26.849,6.089,0.15,20.726,15.265
C:/Users/JC1913/Desktop/JC/Jinhua/TD_N19EP_AASOC   EB/2.Spectra/FM/POR AIT0137.00-19 Specturm/POR AIT0137.00-16   Specturm/14-45-34/2026_7_20_14_46_21/AIT0137.00-19_AIT0137.16_A03-090_2026-7-20-14-46-21_Die59_C2_R-2_20260801144750141.sme,AIT0137.00-19,AIT0137.16,A03-090,2026-7-20-14-46-21,59,2,-2,39.8841,-47.42,20.099,0.999,0.9913,0,20,43.4653,56.0391,15.4625,24.595,14.058,18.556,29.457,56.039,62.328,42.207,27.001,6.335,0.15,20.156,15.462
C:/Users/JC1913/Desktop/JC/Jinhua/TD_N19EP_AASOC   EB/2.Spectra/FM/POR AIT0137.00-19 Specturm/POR AIT0137.00-16   Specturm/14-45-34/2026_7_20_14_46_21/AIT0137.00-19_AIT0137.16_A03-090_2026-7-20-14-46-21_Die60_C3_R-2_20260801144752241.sme,AIT0137.00-19,AIT0137.16,A03-090,2026-7-20-14-46-21,60,3,-2,65.4439,-47.42,19.865,0.999,0.9914,1,20,44.5903,55.6661,13.996,19.879,18.297,15.241,22.169,55.666,63.358,46.047,22.233,0,0.309,17.841,13.996
C:/Users/JC1913/Desktop/JC/Jinhua/TD_N19EP_AASOC   EB/2.Spectra/FM/POR AIT0137.00-19 Specturm/POR AIT0137.00-16   Specturm/14-45-34/2026_7_20_14_46_21/AIT0137.00-19_AIT0137.16_A03-090_2026-7-20-14-46-21_Die61_C4_R-2_20260801144754341.sme,AIT0137.00-19,AIT0137.16,A03-090,2026-7-20-14-46-21,61,4,-2,91.0037,-47.42,20.009,0.999,0.9913,0,20,44.22,56.2991,14.989,23.623,14.218,17.682,28.679,56.299,62.744,42.834,25.779,3.943,0.163,20.427,14.989
C:/Users/JC1913/Desktop/JC/Jinhua/TD_N19EP_AASOC   EB/2.Spectra/FM/POR AIT0137.00-19 Specturm/POR AIT0137.00-16   Specturm/14-45-34/2026_7_20_14_46_21/AIT0137.00-19_AIT0137.16_A03-090_2026-7-20-14-46-21_Die62_C5_R-2_20260801144756791.sme,AIT0137.00-19,AIT0137.16,A03-090,2026-7-20-14-46-21,62,5,-2,116.5635,-47.42,19.085,0.999,0.9916,1,20,42.7984,53.6074,13.6789,22.393,16.203,15.789,27.887,53.607,61.276,44.383,24.017,0,0.15,23,13.679
C:/Users/JC1913/Desktop/JC/Jinhua/TD_N19EP_AASOC   EB/2.Spectra/FM/POR AIT0137.00-19 Specturm/POR AIT0137.00-16   Specturm/14-45-34/2026_7_20_14_46_21/AIT0137.00-19_AIT0137.16_A03-090_2026-7-20-14-46-21_Die63_C-3_R-3_20260801144758891.sme,AIT0137.00-19,AIT0137.16,A03-090,2026-7-20-14-46-21,63,-3,-3,-87.9148,-76.6222,19.42,0.999,0.9915,1,20,43.7952,54.2688,13.3715,19.027,18.115,14.941,21.734,54.269,61.645,46.174,21.879,0,0.314,17.153,13.371
C:/Users/JC1913/Desktop/JC/Jinhua/TD_N19EP_AASOC   EB/2.Spectra/FM/POR AIT0137.00-19 Specturm/POR AIT0137.00-16   Specturm/14-45-34/2026_7_20_14_46_21/AIT0137.00-19_AIT0137.16_A03-090_2026-7-20-14-46-21_Die64_C-2_R-3_20260801144800991.sme,AIT0137.00-19,AIT0137.16,A03-090,2026-7-20-14-46-21,64,-2,-3,-62.355,-76.6222,19.585,0.999,0.9915,1,20,45.3453,56.0468,13.643,19.103,17.938,15.531,23.522,56.047,63.05,45.88,22.508,0,0.235,19.348,13.643
C:/Users/JC1913/Desktop/JC/Jinhua/TD_N19EP_AASOC   EB/2.Spectra/FM/POR AIT0137.00-19 Specturm/POR AIT0137.00-16   Specturm/14-45-34/2026_7_20_14_46_21/AIT0137.00-19_AIT0137.16_A03-090_2026-7-20-14-46-21_Die65_C-1_R-3_20260801144803091.sme,AIT0137.00-19,AIT0137.16,A03-090,2026-7-20-14-46-21,65,-1,-3,-36.7952,-76.6222,20.068,0.999,0.9913,0,18,44.2446,56.7713,15.4373,21.516,14.988,18.015,26.039,56.771,63.494,44.066,24.974,5.707,0.252,17.077,15.437
C:/Users/JC1913/Desktop/JC/Jinhua/TD_N19EP_AASOC   EB/2.Spectra/FM/POR AIT0137.00-19 Specturm/POR AIT0137.00-16   Specturm/14-45-34/2026_7_20_14_46_21/AIT0137.00-19_AIT0137.16_A03-090_2026-7-20-14-46-21_Die66_C0_R-3_20260801144805191.sme,AIT0137.00-19,AIT0137.16,A03-090,2026-7-20-14-46-21,66,0,-3,-11.2354,-76.6222,20.164,0.999,0.9913,0,20,44.4987,57.4714,15.8903,24.536,14.072,18.262,29.158,57.471,63.423,42.157,26.864,5.653,0.15,20.031,15.89
C:/Users/JC1913/Desktop/JC/Jinhua/TD_N19EP_AASOC   EB/2.Spectra/FM/POR AIT0137.00-19 Specturm/POR AIT0137.00-16   Specturm/14-45-34/2026_7_20_14_46_21/AIT0137.00-19_AIT0137.16_A03-090_2026-7-20-14-46-21_Die67_C1_R-3_20260801144807300.sme,AIT0137.00-19,AIT0137.16,A03-090,2026-7-20-14-46-21,67,1,-3,14.3244,-76.6222,20.039,0.999,0.9913,0,19,43.8451,56.7768,15.8311,23.89,14.296,18.304,28.611,56.777,63.283,42.637,26.528,5.857,0.157,19.443,15.831
C:/Users/JC1913/Desktop/JC/Jinhua/TD_N19EP_AASOC   EB/2.Spectra/FM/POR AIT0137.00-19 Specturm/POR AIT0137.00-16   Specturm/14-45-34/2026_7_20_14_46_21/AIT0137.00-19_AIT0137.16_A03-090_2026-7-20-14-46-21_Die68_C2_R-3_20260801144809391.sme,AIT0137.00-19,AIT0137.16,A03-090,2026-7-20-14-46-21,68,2,-3,39.8841,-76.6222,19.959,0.999,0.9914,1,20,45.0715,56.2055,14.0679,19.444,18.062,15.65,23.81,56.206,63.339,45.716,22.809,0,0.237,20.259,14.068
C:/Users/JC1913/Desktop/JC/Jinhua/TD_N19EP_AASOC   EB/2.Spectra/FM/POR AIT0137.00-19 Specturm/POR AIT0137.00-16   Specturm/14-45-34/2026_7_20_14_46_21/AIT0137.00-19_AIT0137.16_A03-090_2026-7-20-14-46-21_Die69_C3_R-3_20260801144811491.sme,AIT0137.00-19,AIT0137.16,A03-090,2026-7-20-14-46-21,69,3,-3,65.4439,-76.6222,19.653,0.999,0.9915,1,20,45.134,55.9933,13.7948,19.147,18.031,15.377,22.865,55.993,62.887,45.856,22.349,0,0.259,18.712,13.795
C:/Users/JC1913/Desktop/JC/Jinhua/TD_N19EP_AASOC   EB/2.Spectra/FM/POR AIT0137.00-19 Specturm/POR AIT0137.00-16   Specturm/14-45-34/2026_7_20_14_46_21/AIT0137.00-19_AIT0137.16_A03-090_2026-7-20-14-46-21_Die70_C4_R-3_20260801144813940.sme,AIT0137.00-19,AIT0137.16,A03-090,2026-7-20-14-46-21,70,4,-3,91.0037,-76.6222,19.705,0.999,0.9914,0,20,42.2516,54.1741,14.777,22.384,15.139,16.937,27.841,54.174,61.938,43.649,25.002,1.907,0.15,20.962,14.777
C:/Users/JC1913/Desktop/JC/Jinhua/TD_N19EP_AASOC   EB/2.Spectra/FM/POR AIT0137.00-19 Specturm/POR AIT0137.00-16   Specturm/14-45-34/2026_7_20_14_46_21/AIT0137.00-19_AIT0137.16_A03-090_2026-7-20-14-46-21_Die71_C-2_R-4_20260801144816041.sme,AIT0137.00-19,AIT0137.16,A03-090,2026-7-20-14-46-21,71,-2,-4,-62.355,-105.824,18.898,0.999,0.9917,1,20,43.6246,54.4974,13.7659,19.842,17.247,15.479,25.43,54.497,61.408,45.352,22.888,0,0.16,20.991,13.766
C:/Users/JC1913/Desktop/JC/Jinhua/TD_N19EP_AASOC   EB/2.Spectra/FM/POR AIT0137.00-19 Specturm/POR AIT0137.00-16   Specturm/14-45-34/2026_7_20_14_46_21/AIT0137.00-19_AIT0137.16_A03-090_2026-7-20-14-46-21_Die72_C-1_R-4_20260801144818141.sme,AIT0137.00-19,AIT0137.16,A03-090,2026-7-20-14-46-21,72,-1,-4,-36.7952,-105.824,19.762,0.999,0.9914,1,20,44.2885,55.2922,13.9155,18.493,17.884,14.801,21.186,55.292,61.977,45.996,21.747,0,0.358,16.715,13.915
C:/Users/JC1913/Desktop/JC/Jinhua/TD_N19EP_AASOC   EB/2.Spectra/FM/POR AIT0137.00-19 Specturm/POR AIT0137.00-16   Specturm/14-45-34/2026_7_20_14_46_21/AIT0137.00-19_AIT0137.16_A03-090_2026-7-20-14-46-21_Die73_C0_R-4_20260801144820240.sme,AIT0137.00-19,AIT0137.16,A03-090,2026-7-20-14-46-21,73,0,-4,-11.2354,-105.824,19.83,0.999,0.9914,1,20,44.0228,55.2567,14.1381,20.031,16.567,15.601,21.946,55.257,62.429,46.239,21.995,0,0.396,18.358,14.138
C:/Users/JC1913/Desktop/JC/Jinhua/TD_N19EP_AASOC   EB/2.Spectra/FM/POR AIT0137.00-19 Specturm/POR AIT0137.00-16   Specturm/14-45-34/2026_7_20_14_46_21/AIT0137.00-19_AIT0137.16_A03-090_2026-7-20-14-46-21_Die74_C1_R-4_20260801144822341.sme,AIT0137.00-19,AIT0137.16,A03-090,2026-7-20-14-46-21,74,1,-4,14.3244,-105.824,19.865,0.999,0.9914,0,17,43.4029,55.9613,15.4452,21.592,15.011,17.597,26.791,55.961,62.622,43.617,25.185,3.925,0.189,18.43,15.445
C:/Users/JC1913/Desktop/JC/Jinhua/TD_N19EP_AASOC   EB/2.Spectra/FM/POR AIT0137.00-19 Specturm/POR AIT0137.00-16   Specturm/14-45-34/2026_7_20_14_46_21/AIT0137.00-19_AIT0137.16_A03-090_2026-7-20-14-46-21_Die75_C2_R-4_20260801144824440.sme,AIT0137.00-19,AIT0137.16,A03-090,2026-7-20-14-46-21,75,2,-4,39.8841,-105.824,19.642,0.999,0.9915,1,20,43.6359,54.8792,14.1367,19.456,18.021,15.501,24.462,54.879,62.447,45.656,22.787,0,0.168,20.175,14.137
C:/Users/JC1913/Desktop/JC/Jinhua/TD_N19EP_AASOC   EB/2.Spectra/FM/POR AIT0137.00-19 Specturm/POR AIT0137.00-16   Specturm/14-45-34/2026_7_20_14_46_21/AIT0137.00-19_AIT0137.16_A03-090_2026-7-20-14-46-21_Die76_C3_R-4_20260801144826890.sme,AIT0137.00-19,AIT0137.16,A03-090,2026-7-20-14-46-21,76,3,-4,65.4439,-105.824,19.455,0.999,0.9915,1,20,42.9047,53.9332,13.9013,19.212,17.736,14.845,21.739,53.933,61.891,45.973,22.263,0,0.301,16.621,13.901
C:/Users/JC1913/Desktop/JC/Jinhua/TD_N19EP_AASOC   EB/2.Spectra/FM/POR AIT0137.00-19 Specturm/POR AIT0137.00-16   Specturm/14-45-34/2026_7_20_14_46_21/AIT0137.00-19_AIT0137.16_A03-090_2026-7-20-14-46-21_Die77_C-1_R-5_20260801144828990.sme,AIT0137.00-19,AIT0137.16,A03-090,2026-7-20-14-46-21,77,-1,-5,-36.7952,-135.027,18.908,0.999,0.9917,1,20,44.0153,54.7404,13.6293,19.123,16.756,15.05,22.53,54.74,62.016,45.578,22.467,0,0.305,16.366,13.629
C:/Users/JC1913/Desktop/JC/Jinhua/TD_N19EP_AASOC   EB/2.Spectra/FM/POR AIT0137.00-19 Specturm/POR AIT0137.00-16   Specturm/14-45-34/2026_7_20_14_46_21/AIT0137.00-19_AIT0137.16_A03-090_2026-7-20-14-46-21_Die78_C0_R-5_20260801144831797.sme,AIT0137.00-19,AIT0137.16,A03-090,2026-7-20-14-46-21,78,0,-5,-11.2354,-135.027,18.784,0.999,0.9917,1,20,43.9937,54.9713,13.8811,19.187,17.191,15.065,22.882,54.971,61.59,45.414,22.847,0,0.264,17.864,13.881
C:/Users/JC1913/Desktop/JC/Jinhua/TD_N19EP_AASOC   EB/2.Spectra/FM/POR AIT0137.00-19 Specturm/POR AIT0137.00-16   Specturm/14-45-34/2026_7_20_14_46_21/AIT0137.00-19_AIT0137.16_A03-090_2026-7-20-14-46-21_Die79_C1_R-5_20260801144833890.sme,AIT0137.00-19,AIT0137.16,A03-090,2026-7-20-14-46-21,79,1,-5,14.3244,-135.027,18.861,0.999,0.9917,1,20,43.568,54.9418,14.2653,23.073,14.56,16.531,28.242,54.942,61.579,42.773,26.084,0.421,0.15,23,14.265
C:/Users/JC1913/Desktop/JC/Jinhua/TD_N19EP_AASOC   EB/2.Spectra/FM/POR AIT0137.00-19 Specturm/POR AIT0137.00-16   Specturm/14-45-34/2026_7_20_14_46_21/AIT0137.00-19_AIT0137.16_A03-090_2026-7-20-14-46-21_Die80_C2_R-5_20260801144837741.sme,AIT0137.00-19,AIT0137.16,A03-090,2026-7-20-14-46-21,80,2,-5,39.8841,-135.027,18.532,0.999,0.9918,1,20,44.6176,55.199,13.5024,20.833,16.944,14.949,24.834,55.199,61.576,45.227,21.865,0,0.15,18.668,13.502
C:/Users/JC1913/Desktop/JC/Jinhua/TD_N19EP_AASOC   EB/2.Spectra/FM/POR AIT0137.00-19 Specturm/POR AIT0137.00-16   Specturm/14-45-34/2026_7_20_14_47_19/AIT0137.00-19_AIT0137.16_A03-090_2026-7-20-14-47-19_Die1_C-1_R4_20260801144839840.sme,AIT0137.00-19,AIT0137.16,A03-090,2026-7-20-14-47-19,1,-1,4,-36.7952,127.7933,19.01,0.999,0.9916,0,20,43.8651,54.5331,13.5679,22.895,15.235,16.248,27.46,54.533,61.268,43.972,24.659,0.954,0.15,22.853,13.568
C:/Users/JC1913/Desktop/JC/Jinhua/TD_N19EP_AASOC   EB/2.Spectra/FM/POR AIT0137.00-19 Specturm/POR AIT0137.00-16   Specturm/14-45-34/2026_7_20_14_47_19/AIT0137.00-19_AIT0137.16_A03-090_2026-7-20-14-47-19_Die2_C0_R4_20260801144841940.sme,AIT0137.00-19,AIT0137.16,A03-090,2026-7-20-14-47-19,2,0,4,-11.2354,127.7933,19.279,0.999,0.9916,0,20,43.4596,54.4782,13.9071,22.31,15.135,16.53,27.485,54.478,61.262,44.092,24.722,1.356,0.151,22.907,13.907
C:/Users/JC1913/Desktop/JC/Jinhua/TD_N19EP_AASOC   EB/2.Spectra/FM/POR AIT0137.00-19 Specturm/POR AIT0137.00-16   Specturm/14-45-34/2026_7_20_14_47_19/AIT0137.00-19_AIT0137.16_A03-090_2026-7-20-14-47-19_Die3_C1_R4_20260801144844042.sme,AIT0137.00-19,AIT0137.16,A03-090,2026-7-20-14-47-19,3,1,4,14.3244,127.7933,19.003,0.999,0.9916,1,20,43.7191,54.3267,13.5034,20.943,17.125,15.361,26.841,54.327,61.282,45.186,22.671,0,0.15,22.111,13.503
C:/Users/JC1913/Desktop/JC/Jinhua/TD_N19EP_AASOC   EB/2.Spectra/FM/POR AIT0137.00-19 Specturm/POR AIT0137.00-16   Specturm/14-45-34/2026_7_20_14_47_19/AIT0137.00-19_AIT0137.16_A03-090_2026-7-20-14-47-19_Die4_C2_R4_20260801144846490.sme,AIT0137.00-19,AIT0137.16,A03-090,2026-7-20-14-47-19,4,2,4,39.8841,127.7933,18.919,0.999,0.9917,1,20,44.0233,54.4619,13.3428,18.486,17.618,14.755,22.234,54.462,61.296,46.45,20.932,0,0.319,16.606,13.343
C:/Users/JC1913/Desktop/JC/Jinhua/TD_N19EP_AASOC   EB/2.Spectra/FM/POR AIT0137.00-19 Specturm/POR AIT0137.00-16   Specturm/14-45-34/2026_7_20_14_47_19/AIT0137.00-19_AIT0137.16_A03-090_2026-7-20-14-47-19_Die5_C-3_R3_20260801144848590.sme,AIT0137.00-19,AIT0137.16,A03-090,2026-7-20-14-47-19,5,-3,3,-87.9148,98.5911,18.744,0.999,0.9917,1,20,44.0949,54.6199,13.4313,22.058,14.848,16.2,28.768,54.62,61.292,43.596,24.617,0.532,0.15,23,13.431
C:/Users/JC1913/Desktop/JC/Jinhua/TD_N19EP_AASOC   EB/2.Spectra/FM/POR AIT0137.00-19 Specturm/POR AIT0137.00-16   Specturm/14-45-34/2026_7_20_14_47_19/AIT0137.00-19_AIT0137.16_A03-090_2026-7-20-14-47-19_Die6_C-2_R3_20260801144850690.sme,AIT0137.00-19,AIT0137.16,A03-090,2026-7-20-14-47-19,6,-2,3,-62.355,98.5911,19.132,0.999,0.9916,1,11,44.2787,54.3473,12.9801,19.252,18.064,14.808,22.026,54.347,61.73,46.268,21.732,0,0.285,16.894,12.98
C:/Users/JC1913/Desktop/JC/Jinhua/TD_N19EP_AASOC   EB/2.Spectra/FM/POR AIT0137.00-19 Specturm/POR AIT0137.00-16   Specturm/14-45-34/2026_7_20_14_47_19/AIT0137.00-19_AIT0137.16_A03-090_2026-7-20-14-47-19_Die7_C-1_R3_20260801144852790.sme,AIT0137.00-19,AIT0137.16,A03-090,2026-7-20-14-47-19,7,-1,3,-36.7952,98.5911,19.829,0.999,0.9914,0,20,44.9496,56.2656,14.2464,22.337,14.995,17.282,27.613,56.266,62.602,43.693,25.002,3.149,0.184,20.167,14.246
C:/Users/JC1913/Desktop/JC/Jinhua/TD_N19EP_AASOC   EB/2.Spectra/FM/POR AIT0137.00-19 Specturm/POR AIT0137.00-16   Specturm/14-45-34/2026_7_20_14_47_19/AIT0137.00-19_AIT0137.16_A03-090_2026-7-20-14-47-19_Die8_C0_R3_20260801144854889.sme,AIT0137.00-19,AIT0137.16,A03-090,2026-7-20-14-47-19,8,0,3,-11.2354,98.5911,19.629,0.999,0.9915,1,20,45.9171,56.4802,13.5207,19.548,17.703,15.312,23.005,56.48,63.395,45.94,22.072,0,0.3,18.691,13.521
C:/Users/JC1913/Desktop/JC/Jinhua/TD_N19EP_AASOC   EB/2.Spectra/FM/POR AIT0137.00-19 Specturm/POR AIT0137.00-16   Specturm/14-45-34/2026_7_20_14_47_19/AIT0137.00-19_AIT0137.16_A03-090_2026-7-20-14-47-19_Die9_C1_R3_20260801144856989.sme,AIT0137.00-19,AIT0137.16,A03-090,2026-7-20-14-47-19,9,1,3,14.3244,98.5911,19.878,0.999,0.9914,1,20,45.6227,56.143,13.4696,18.837,18.472,15.499,26.104,56.143,63.33,45.842,22.015,0,0.154,21.045,13.47
C:/Users/JC1913/Desktop/JC/Jinhua/TD_N19EP_AASOC   EB/2.Spectra/FM/POR AIT0137.00-19 Specturm/POR AIT0137.00-16   Specturm/14-45-34/2026_7_20_14_47_19/AIT0137.00-19_AIT0137.16_A03-090_2026-7-20-14-47-19_Die10_C2_R3_20260801144859090.sme,AIT0137.00-19,AIT0137.16,A03-090,2026-7-20-14-47-19,10,2,3,39.8841,98.5911,19.816,0.999,0.9914,0,20,44.837,56.1833,14.2735,21.994,15.716,16.698,28.534,56.183,62.766,43.79,24.446,1.33,0.15,22.509,14.274
C:/Users/JC1913/Desktop/JC/Jinhua/TD_N19EP_AASOC   EB/2.Spectra/FM/POR AIT0137.00-19 Specturm/POR AIT0137.00-16   Specturm/14-45-34/2026_7_20_14_47_19/AIT0137.00-19_AIT0137.16_A03-090_2026-7-20-14-47-19_Die11_C3_R3_20260801144901189.sme,AIT0137.00-19,AIT0137.16,A03-090,2026-7-20-14-47-19,11,3,3,65.4439,98.5911,19.277,0.999,0.9916,1,20,43.5516,54.1152,13.4547,19.079,18.146,14.954,22.495,54.115,61.722,46.483,21.401,0,0.261,17.377,13.455
C:/Users/JC1913/Desktop/JC/Jinhua/TD_N19EP_AASOC   EB/2.Spectra/FM/POR AIT0137.00-19 Specturm/POR AIT0137.00-16   Specturm/14-45-34/2026_7_20_14_47_19/AIT0137.00-19_AIT0137.16_A03-090_2026-7-20-14-47-19_Die12_C4_R3_20260801144903989.sme,AIT0137.00-19,AIT0137.16,A03-090,2026-7-20-14-47-19,12,4,3,91.0037,98.5911,18.748,0.999,0.9917,1,20,43.7306,54.005,13.1705,20.121,17.347,15.186,25.737,54.005,61.627,45.652,22.471,0,0.15,20.484,13.171
C:/Users/JC1913/Desktop/JC/Jinhua/TD_N19EP_AASOC   EB/2.Spectra/FM/POR AIT0137.00-19 Specturm/POR AIT0137.00-16   Specturm/14-45-34/2026_7_20_14_47_19/AIT0137.00-19_AIT0137.16_A03-090_2026-7-20-14-47-19_Die13_C-4_R2_20260801144906089.sme,AIT0137.00-19,AIT0137.16,A03-090,2026-7-20-14-47-19,13,-4,2,-113.475,69.3889,19.131,0.999,0.9916,1,20,44.4271,54.9712,13.4597,23.837,13.701,16.589,29.983,54.971,61.555,42.361,25.707,0.829,0.15,23,13.46
C:/Users/JC1913/Desktop/JC/Jinhua/TD_N19EP_AASOC   EB/2.Spectra/FM/POR AIT0137.00-19 Specturm/POR AIT0137.00-16   Specturm/14-45-34/2026_7_20_14_47_19/AIT0137.00-19_AIT0137.16_A03-090_2026-7-20-14-47-19_Die14_C-3_R2_20260801144908189.sme,AIT0137.00-19,AIT0137.16,A03-090,2026-7-20-14-47-19,14,-3,2,-87.9148,69.3889,19.857,0.999,0.9914,0,20,44.3279,55.907,14.492,23.855,13.517,17.704,29.993,55.907,62.138,42.084,26.3,3.325,0.15,21.709,14.492
C:/Users/JC1913/Desktop/JC/Jinhua/TD_N19EP_AASOC   EB/2.Spectra/FM/POR AIT0137.00-19 Specturm/POR AIT0137.00-16   Specturm/14-45-34/2026_7_20_14_47_19/AIT0137.00-19_AIT0137.16_A03-090_2026-7-20-14-47-19_Die15_C-2_R2_20260801144910289.sme,AIT0137.00-19,AIT0137.16,A03-090,2026-7-20-14-47-19,15,-2,2,-62.355,69.3889,20.035,0.999,0.9913,1,20,46.3892,56.7638,13.3456,19.331,17.925,15.084,22.331,56.764,63.637,46.073,21.728,0,0.325,18.44,13.346
C:/Users/JC1913/Desktop/JC/Jinhua/TD_N19EP_AASOC   EB/2.Spectra/FM/POR AIT0137.00-19 Specturm/POR AIT0137.00-16   Specturm/14-45-34/2026_7_20_14_47_19/AIT0137.00-19_AIT0137.16_A03-090_2026-7-20-14-47-19_Die16_C-1_R2_20260801144912389.sme,AIT0137.00-19,AIT0137.16,A03-090,2026-7-20-14-47-19,16,-1,2,-36.7952,69.3889,19.823,0.999,0.9914,1,20,45.4039,56.2636,13.8029,19.382,17.97,15.387,22.757,56.264,63.389,46.042,21.943,0,0.317,18.795,13.803
C:/Users/JC1913/Desktop/JC/Jinhua/TD_N19EP_AASOC   EB/2.Spectra/FM/POR AIT0137.00-19 Specturm/POR AIT0137.00-16   Specturm/14-45-34/2026_7_20_14_47_19/AIT0137.00-19_AIT0137.16_A03-090_2026-7-20-14-47-19_Die17_C0_R2_20260801144914489.sme,AIT0137.00-19,AIT0137.16,A03-090,2026-7-20-14-47-19,17,0,2,-11.2354,69.3889,20.128,0.999,0.9913,0,20,44.5309,57.0931,15.4808,24.709,14.049,18.33,29.688,57.093,62.815,42.221,26.836,5.833,0.15,20.636,15.481
C:/Users/JC1913/Desktop/JC/Jinhua/TD_N19EP_AASOC   EB/2.Spectra/FM/POR AIT0137.00-19 Specturm/POR AIT0137.00-16   Specturm/14-45-34/2026_7_20_14_47_19/AIT0137.00-19_AIT0137.16_A03-090_2026-7-20-14-47-19_Die18_C1_R2_20260801144916594.sme,AIT0137.00-19,AIT0137.16,A03-090,2026-7-20-14-47-19,18,1,2,14.3244,69.3889,20.043,0.999,0.9913,0,20,44.3134,56.5907,15.1898,23.346,14.808,17.825,28.616,56.591,62.678,43.181,25.53,4.556,0.169,20.14,15.19
C:/Users/JC1913/Desktop/JC/Jinhua/TD_N19EP_AASOC   EB/2.Spectra/FM/POR AIT0137.00-19 Specturm/POR AIT0137.00-16   Specturm/14-45-34/2026_7_20_14_47_19/AIT0137.00-19_AIT0137.16_A03-090_2026-7-20-14-47-19_Die19_C2_R2_20260801144918689.sme,AIT0137.00-19,AIT0137.16,A03-090,2026-7-20-14-47-19,19,2,2,39.8841,69.3889,20.105,0.999,0.9913,0,20,44.5877,57.3656,15.6981,24.613,13.819,18.335,29.526,57.366,63.419,42.143,26.803,5.845,0.15,20.384,15.698
C:/Users/JC1913/Desktop/JC/Jinhua/TD_N19EP_AASOC   EB/2.Spectra/FM/POR AIT0137.00-19 Specturm/POR AIT0137.00-16   Specturm/14-45-34/2026_7_20_14_47_19/AIT0137.00-19_AIT0137.16_A03-090_2026-7-20-14-47-19_Die20_C3_R2_20260801144920791.sme,AIT0137.00-19,AIT0137.16,A03-090,2026-7-20-14-47-19,20,3,2,65.4439,69.3889,20.196,0.999,0.9913,0,20,45.3578,57.6404,15.2244,24.3,13.681,18.147,29.342,57.64,63.261,42.128,26.503,5.143,0.157,20.391,15.224
C:/Users/JC1913/Desktop/JC/Jinhua/TD_N19EP_AASOC   EB/2.Spectra/FM/POR AIT0137.00-19 Specturm/POR AIT0137.00-16   Specturm/14-45-34/2026_7_20_14_47_19/AIT0137.00-19_AIT0137.16_A03-090_2026-7-20-14-47-19_Die21_C4_R2_20260801144922889.sme,AIT0137.00-19,AIT0137.16,A03-090,2026-7-20-14-47-19,21,4,2,91.0037,69.3889,19.639,0.999,0.9915,1,20,43.9882,54.7906,13.7057,18.72,17.867,14.876,21.683,54.791,61.975,46.339,21.438,0,0.328,17.305,13.706
C:/Users/JC1913/Desktop/JC/Jinhua/TD_N19EP_AASOC   EB/2.Spectra/FM/POR AIT0137.00-19 Specturm/POR AIT0137.00-16   Specturm/14-45-34/2026_7_20_14_47_19/AIT0137.00-19_AIT0137.16_A03-090_2026-7-20-14-47-19_Die22_C5_R2_20260801144925338.sme,AIT0137.00-19,AIT0137.16,A03-090,2026-7-20-14-47-19,22,5,2,116.5635,69.3889,19.04,0.999,0.9916,1,20,43.5525,54.059,13.3975,19.372,17.2,14.926,22.642,54.059,61.714,46.14,21.947,0,0.276,17.069,13.398
C:/Users/JC1913/Desktop/JC/Jinhua/TD_N19EP_AASOC   EB/2.Spectra/FM/POR AIT0137.00-19 Specturm/POR AIT0137.00-16   Specturm/14-45-34/2026_7_20_14_47_19/AIT0137.00-19_AIT0137.16_A03-090_2026-7-20-14-47-19_Die23_C-4_R1_20260801144927438.sme,AIT0137.00-19,AIT0137.16,A03-090,2026-7-20-14-47-19,23,-4,1,-113.475,40.1867,18.864,0.999,0.9917,1,20,43.632,53.788,13.0493,19.671,17.462,15.416,25.616,53.788,61.472,45.818,22.481,0,0.153,20.893,13.049
C:/Users/JC1913/Desktop/JC/Jinhua/TD_N19EP_AASOC   EB/2.Spectra/FM/POR AIT0137.00-19 Specturm/POR AIT0137.00-16   Specturm/14-45-34/2026_7_20_14_47_19/AIT0137.00-19_AIT0137.16_A03-090_2026-7-20-14-47-19_Die24_C-3_R1_20260801144929539.sme,AIT0137.00-19,AIT0137.16,A03-090,2026-7-20-14-47-19,24,-3,1,-87.9148,40.1867,19.713,0.999,0.9914,1,20,46.1871,56.6631,13.4412,19.257,17.854,15.247,22.321,56.663,63.424,46.074,21.713,0,0.336,17.949,13.441
C:/Users/JC1913/Desktop/JC/Jinhua/TD_N19EP_AASOC   EB/2.Spectra/FM/POR AIT0137.00-19 Specturm/POR AIT0137.00-16   Specturm/14-45-34/2026_7_20_14_47_19/AIT0137.00-19_AIT0137.16_A03-090_2026-7-20-14-47-19_Die25_C-2_R1_20260801144931638.sme,AIT0137.00-19,AIT0137.16,A03-090,2026-7-20-14-47-19,25,-2,1,-62.355,40.1867,20.069,0.999,0.9913,1,20,45.4978,56.2417,13.6897,19.946,18.034,15.415,23.046,56.242,63.374,45.776,22.343,0,0.294,19.634,13.69
C:/Users/JC1913/Desktop/JC/Jinhua/TD_N19EP_AASOC   EB/2.Spectra/FM/POR AIT0137.00-19 Specturm/POR AIT0137.00-16   Specturm/14-45-34/2026_7_20_14_47_19/AIT0137.00-19_AIT0137.16_A03-090_2026-7-20-14-47-19_Die26_C-1_R1_20260801144933738.sme,AIT0137.00-19,AIT0137.16,A03-090,2026-7-20-14-47-19,26,-1,1,-36.7952,40.1867,20.263,0.999,0.9913,0,20,44.7328,57.0195,15.211,25.344,13.977,18.417,29.982,57.02,62.448,41.73,27.357,6.264,0.15,20.83,15.211
C:/Users/JC1913/Desktop/JC/Jinhua/TD_N19EP_AASOC   EB/2.Spectra/FM/POR AIT0137.00-19 Specturm/POR AIT0137.00-16   Specturm/14-45-34/2026_7_20_14_47_19/AIT0137.00-19_AIT0137.16_A03-090_2026-7-20-14-47-19_Die27_C0_R1_20260801144935839.sme,AIT0137.00-19,AIT0137.16,A03-090,2026-7-20-14-47-19,27,0,1,-11.2354,40.1867,19.803,0.999,0.9914,1,20,45.4847,56.1697,13.6304,20.747,18.024,15.858,26.034,56.17,63.088,45.246,22.998,0,0.177,22.164,13.63
C:/Users/JC1913/Desktop/JC/Jinhua/TD_N19EP_AASOC   EB/2.Spectra/FM/POR AIT0137.00-19 Specturm/POR AIT0137.00-16   Specturm/14-45-34/2026_7_20_14_47_19/AIT0137.00-19_AIT0137.16_A03-090_2026-7-20-14-47-19_Die28_C1_R1_20260801144937938.sme,AIT0137.00-19,AIT0137.16,A03-090,2026-7-20-14-47-19,28,1,1,14.3244,40.1867,20.397,0.999,0.9912,1,20,44.9741,57.1636,15.1206,26.771,13.278,18.67,30,57.164,62.694,40.976,28.038,6.552,0.15,20.927,15.121
C:/Users/JC1913/Desktop/JC/Jinhua/TD_N19EP_AASOC   EB/2.Spectra/FM/POR AIT0137.00-19 Specturm/POR AIT0137.00-16   Specturm/14-45-34/2026_7_20_14_47_19/AIT0137.00-19_AIT0137.16_A03-090_2026-7-20-14-47-19_Die29_C2_R1_20260801144940039.sme,AIT0137.00-19,AIT0137.16,A03-090,2026-7-20-14-47-19,29,2,1,39.8841,40.1867,20.141,0.999,0.9913,0,20,43.6374,56.3601,15.6162,24.934,14.042,18.566,29.665,56.36,62.666,42.073,27.104,6.405,0.15,20.348,15.616
C:/Users/JC1913/Desktop/JC/Jinhua/TD_N19EP_AASOC   EB/2.Spectra/FM/POR AIT0137.00-19 Specturm/POR AIT0137.00-16   Specturm/14-45-34/2026_7_20_14_47_19/AIT0137.00-19_AIT0137.16_A03-090_2026-7-20-14-47-19_Die30_C3_R1_20260801144942138.sme,AIT0137.00-19,AIT0137.16,A03-090,2026-7-20-14-47-19,30,3,1,65.4439,40.1867,19.93,0.999,0.9914,1,20,44.7177,55.8481,14.0543,19.682,18.177,15.488,22.83,55.848,62.97,45.7,22.552,0,0.272,19.219,14.054
C:/Users/JC1913/Desktop/JC/Jinhua/TD_N19EP_AASOC   EB/2.Spectra/FM/POR AIT0137.00-19 Specturm/POR AIT0137.00-16   Specturm/14-45-34/2026_7_20_14_47_19/AIT0137.00-19_AIT0137.16_A03-090_2026-7-20-14-47-19_Die31_C4_R1_20260801144944238.sme,AIT0137.00-19,AIT0137.16,A03-090,2026-7-20-14-47-19,31,4,1,91.0037,40.1867,19.805,0.999,0.9914,1,20,44.9334,55.7577,13.7542,19.205,17.921,15.553,23.777,55.758,62.995,46.008,22.275,0,0.22,19.979,13.754
C:/Users/JC1913/Desktop/JC/Jinhua/TD_N19EP_AASOC   EB/2.Spectra/FM/POR AIT0137.00-19 Specturm/POR AIT0137.00-16   Specturm/14-45-34/2026_7_20_14_47_19/AIT0137.00-19_AIT0137.16_A03-090_2026-7-20-14-47-19_Die32_C5_R1_20260801144947039.sme,AIT0137.00-19,AIT0137.16,A03-090,2026-7-20-14-47-19,32,5,1,116.5635,40.1867,19.314,0.999,0.9916,0,20,43.0728,54.8365,14.6413,22.424,14.458,17.101,27.952,54.837,61.302,43.401,25.577,2.612,0.154,21.79,14.641
C:/Users/JC1913/Desktop/JC/Jinhua/TD_N19EP_AASOC   EB/2.Spectra/FM/POR AIT0137.00-19 Specturm/POR AIT0137.00-16   Specturm/14-45-34/2026_7_20_14_47_19/AIT0137.00-19_AIT0137.16_A03-090_2026-7-20-14-47-19_Die33_C-4_R0_20260801144949138.sme,AIT0137.00-19,AIT0137.16,A03-090,2026-7-20-14-47-19,33,-4,0,-113.475,10.9845,19.769,0.999,0.9914,0,20,43.8007,55.7609,14.8582,23.532,13.743,17.849,29.009,55.761,62.166,42.762,26.02,4.233,0.15,20.573,14.858
C:/Users/JC1913/Desktop/JC/Jinhua/TD_N19EP_AASOC   EB/2.Spectra/FM/POR AIT0137.00-19 Specturm/POR AIT0137.00-16   Specturm/14-45-34/2026_7_20_14_47_19/AIT0137.00-19_AIT0137.16_A03-090_2026-7-20-14-47-19_Die34_C-3_R0_20260801144951238.sme,AIT0137.00-19,AIT0137.16,A03-090,2026-7-20-14-47-19,34,-3,0,-87.9148,10.9845,20.098,0.999,0.9913,0,20,45.3059,57.729,15.3634,24.749,13.761,18.167,29.144,57.729,63.515,42.046,26.863,5.359,0.15,20.097,15.363
C:/Users/JC1913/Desktop/JC/Jinhua/TD_N19EP_AASOC   EB/2.Spectra/FM/POR AIT0137.00-19 Specturm/POR AIT0137.00-16   Specturm/14-45-34/2026_7_20_14_47_19/AIT0137.00-19_AIT0137.16_A03-090_2026-7-20-14-47-19_Die35_C-2_R0_20260801144953338.sme,AIT0137.00-19,AIT0137.16,A03-090,2026-7-20-14-47-19,35,-2,0,-62.355,10.9845,20.004,0.999,0.9914,0,20,43.6478,56.2053,15.4512,24.59,14.22,18.38,29.408,56.205,62.353,42.403,26.775,5.953,0.15,20.275,15.451
C:/Users/JC1913/Desktop/JC/Jinhua/TD_N19EP_AASOC   EB/2.Spectra/FM/POR AIT0137.00-19 Specturm/POR AIT0137.00-16   Specturm/14-45-34/2026_7_20_14_47_19/AIT0137.00-19_AIT0137.16_A03-090_2026-7-20-14-47-19_Die36_C-1_R0_20260801144955438.sme,AIT0137.00-19,AIT0137.16,A03-090,2026-7-20-14-47-19,36,-1,0,-36.7952,10.9845,20.183,0.999,0.9913,1,20,44.582,56.7595,15.0975,25.282,14.127,18.491,30,56.759,62.499,41.846,27.272,6.46,0.15,20.84,15.098
C:/Users/JC1913/Desktop/JC/Jinhua/TD_N19EP_AASOC   EB/2.Spectra/FM/POR AIT0137.00-19 Specturm/POR AIT0137.00-16   Specturm/14-45-34/2026_7_20_14_47_19/AIT0137.00-19_AIT0137.16_A03-090_2026-7-20-14-47-19_Die37_C0_R0_20260801144957539.sme,AIT0137.00-19,AIT0137.16,A03-090,2026-7-20-14-47-19,37,0,0,-11.2354,10.9845,20.115,0.999,0.9913,1,20,45.5431,56.4503,13.8542,20.3,18.057,15.785,23.73,56.45,63.416,45.568,22.778,0,0.311,20.974,13.854
C:/Users/JC1913/Desktop/JC/Jinhua/TD_N19EP_AASOC   EB/2.Spectra/FM/POR AIT0137.00-19 Specturm/POR AIT0137.00-16   Specturm/14-45-34/2026_7_20_14_47_19/AIT0137.00-19_AIT0137.16_A03-090_2026-7-20-14-47-19_Die38_C1_R0_20260801144959637.sme,AIT0137.00-19,AIT0137.16,A03-090,2026-7-20-14-47-19,38,1,0,14.3244,10.9845,20.186,0.999,0.9913,1,20,45.0037,57.2642,15.1924,25.835,14.103,18.658,30,57.264,63.154,41.507,27.859,7.297,0.15,20.667,15.192
C:/Users/JC1913/Desktop/JC/Jinhua/TD_N19EP_AASOC   EB/2.Spectra/FM/POR AIT0137.00-19 Specturm/POR AIT0137.00-16   Specturm/14-45-34/2026_7_20_14_47_19/AIT0137.00-19_AIT0137.16_A03-090_2026-7-20-14-47-19_Die39_C2_R0_20260801145001737.sme,AIT0137.00-19,AIT0137.16,A03-090,2026-7-20-14-47-19,39,2,0,39.8841,10.9845,20.091,0.999,0.9913,0,20,43.8092,56.3681,15.4572,25.333,14.069,18.648,30,56.368,62.502,41.851,27.43,6.804,0.15,20.695,15.457
C:/Users/JC1913/Desktop/JC/Jinhua/TD_N19EP_AASOC   EB/2.Spectra/FM/POR AIT0137.00-19 Specturm/POR AIT0137.00-16   Specturm/14-45-34/2026_7_20_14_47_19/AIT0137.00-19_AIT0137.16_A03-090_2026-7-20-14-47-19_Die40_C3_R0_20260801145003844.sme,AIT0137.00-19,AIT0137.16,A03-090,2026-7-20-14-47-19,40,3,0,65.4439,10.9845,20.035,0.999,0.9913,0,20,43.2905,56.2088,15.802,24.59,14.072,18.47,29.087,56.209,62.689,42.29,26.89,6.029,0.154,19.824,15.802
C:/Users/JC1913/Desktop/JC/Jinhua/TD_N19EP_AASOC   EB/2.Spectra/FM/POR AIT0137.00-19 Specturm/POR AIT0137.00-16   Specturm/14-45-34/2026_7_20_14_47_19/AIT0137.00-19_AIT0137.16_A03-090_2026-7-20-14-47-19_Die41_C4_R0_20260801145005937.sme,AIT0137.00-19,AIT0137.16,A03-090,2026-7-20-14-47-19,41,4,0,91.0037,10.9845,19.986,0.999,0.9914,1,20,45.2343,56.3851,14.0893,19.462,17.709,15.377,22.351,56.385,63.167,45.912,22.15,0,0.314,18.92,14.089
C:/Users/JC1913/Desktop/JC/Jinhua/TD_N19EP_AASOC   EB/2.Spectra/FM/POR AIT0137.00-19 Specturm/POR AIT0137.00-16   Specturm/14-45-34/2026_7_20_14_47_19/AIT0137.00-19_AIT0137.16_A03-090_2026-7-20-14-47-19_Die42_C5_R0_20260801145008387.sme,AIT0137.00-19,AIT0137.16,A03-090,2026-7-20-14-47-19,42,5,0,116.5635,10.9845,19.518,0.999,0.9915,0,20,43.0364,55.2891,15.1293,24.048,13.535,17.828,29.164,55.289,61.499,42.546,26.146,4.099,0.153,21.186,15.129
C:/Users/JC1913/Desktop/JC/Jinhua/TD_N19EP_AASOC   EB/2.Spectra/FM/POR AIT0137.00-19 Specturm/POR AIT0137.00-16   Specturm/14-45-34/2026_7_20_14_47_19/AIT0137.00-19_AIT0137.16_A03-090_2026-7-20-14-47-19_Die43_C-4_R-1_20260801145010487.sme,AIT0137.00-19,AIT0137.16,A03-090,2026-7-20-14-47-19,43,-4,-1,-113.475,-18.2178,19.265,0.999,0.9916,1,20,43.8283,54.3702,13.4407,18.905,17.945,15.315,22.909,54.37,62.038,46.3,22.35,0,0.231,18.23,13.441
C:/Users/JC1913/Desktop/JC/Jinhua/TD_N19EP_AASOC   EB/2.Spectra/FM/POR AIT0137.00-19 Specturm/POR AIT0137.00-16   Specturm/14-45-34/2026_7_20_14_47_19/AIT0137.00-19_AIT0137.16_A03-090_2026-7-20-14-47-19_Die44_C-3_R-1_20260801145012587.sme,AIT0137.00-19,AIT0137.16,A03-090,2026-7-20-14-47-19,44,-3,-1,-87.9148,-18.2178,20.149,0.999,0.9913,0,20,45.1139,57.5006,15.3217,24.312,13.884,18.132,29.013,57.501,63.503,42.324,26.586,5.313,0.15,20.038,15.322
C:/Users/JC1913/Desktop/JC/Jinhua/TD_N19EP_AASOC   EB/2.Spectra/FM/POR AIT0137.00-19 Specturm/POR AIT0137.00-16   Specturm/14-45-34/2026_7_20_14_47_19/AIT0137.00-19_AIT0137.16_A03-090_2026-7-20-14-47-19_Die45_C-2_R-1_20260801145014687.sme,AIT0137.00-19,AIT0137.16,A03-090,2026-7-20-14-47-19,45,-2,-1,-62.355,-18.2178,20.134,0.999,0.9913,0,17,44.5019,57.1967,15.6126,24.417,14.246,18.402,28.758,57.197,62.77,42.426,26.792,6.442,0.159,19.571,15.613
C:/Users/JC1913/Desktop/JC/Jinhua/TD_N19EP_AASOC   EB/2.Spectra/FM/POR AIT0137.00-19 Specturm/POR AIT0137.00-16   Specturm/14-45-34/2026_7_20_14_47_19/AIT0137.00-19_AIT0137.16_A03-090_2026-7-20-14-47-19_Die46_C-1_R-1_20260801145016789.sme,AIT0137.00-19,AIT0137.16,A03-090,2026-7-20-14-47-19,46,-1,-1,-36.7952,-18.2178,20.206,0.999,0.9913,0,20,44.6171,57.1551,15.459,25.527,14.168,18.529,29.971,57.155,62.735,41.792,27.538,7.067,0.15,20.83,15.459
C:/Users/JC1913/Desktop/JC/Jinhua/TD_N19EP_AASOC   EB/2.Spectra/FM/POR AIT0137.00-19 Specturm/POR AIT0137.00-16   Specturm/14-45-34/2026_7_20_14_47_19/AIT0137.00-19_AIT0137.16_A03-090_2026-7-20-14-47-19_Die47_C0_R-1_20260801145018887.sme,AIT0137.00-19,AIT0137.16,A03-090,2026-7-20-14-47-19,47,0,-1,-11.2354,-18.2178,20.147,0.999,0.9913,1,20,44.7487,57.1046,15.2806,25.853,14.188,18.622,30,57.105,62.824,41.571,27.841,7.153,0.15,20.779,15.281
C:/Users/JC1913/Desktop/JC/Jinhua/TD_N19EP_AASOC   EB/2.Spectra/FM/POR AIT0137.00-19 Specturm/POR AIT0137.00-16   Specturm/14-45-34/2026_7_20_14_47_19/AIT0137.00-19_AIT0137.16_A03-090_2026-7-20-14-47-19_Die48_C1_R-1_20260801145020986.sme,AIT0137.00-19,AIT0137.16,A03-090,2026-7-20-14-47-19,48,1,-1,14.3244,-18.2178,20.048,0.999,0.9913,1,20,45.0906,56.0703,13.9141,20.406,17.93,15.661,24.244,56.07,63.094,45.392,23.033,0,0.287,21.373,13.914
C:/Users/JC1913/Desktop/JC/Jinhua/TD_N19EP_AASOC   EB/2.Spectra/FM/POR AIT0137.00-19 Specturm/POR AIT0137.00-16   Specturm/14-45-34/2026_7_20_14_47_19/AIT0137.00-19_AIT0137.16_A03-090_2026-7-20-14-47-19_Die49_C2_R-1_20260801145023087.sme,AIT0137.00-19,AIT0137.16,A03-090,2026-7-20-14-47-19,49,2,-1,39.8841,-18.2178,20.109,0.999,0.9913,0,20,43.5784,56.0811,15.3944,25.132,13.888,18.686,30,56.081,62.389,41.855,27.487,6.76,0.15,20.714,15.394
C:/Users/JC1913/Desktop/JC/Jinhua/TD_N19EP_AASOC   EB/2.Spectra/FM/POR AIT0137.00-19 Specturm/POR AIT0137.00-16   Specturm/14-45-34/2026_7_20_14_47_19/AIT0137.00-19_AIT0137.16_A03-090_2026-7-20-14-47-19_Die50_C3_R-1_20260801145025187.sme,AIT0137.00-19,AIT0137.16,A03-090,2026-7-20-14-47-19,50,3,-1,65.4439,-18.2178,20.16,0.999,0.9913,0,20,43.7551,56.5461,15.6878,24.835,13.913,18.544,29.461,56.546,62.776,42.053,26.894,6.441,0.15,20.081,15.688
C:/Users/JC1913/Desktop/JC/Jinhua/TD_N19EP_AASOC   EB/2.Spectra/FM/POR AIT0137.00-19 Specturm/POR AIT0137.00-16   Specturm/14-45-34/2026_7_20_14_47_19/AIT0137.00-19_AIT0137.16_A03-090_2026-7-20-14-47-19_Die51_C4_R-1_20260801145027289.sme,AIT0137.00-19,AIT0137.16,A03-090,2026-7-20-14-47-19,51,4,-1,91.0037,-18.2178,19.978,0.999,0.9914,0,18,44.2183,56.9143,15.6058,24.093,13.886,18.162,29.073,56.914,62.946,42.484,26.356,5.335,0.153,20.136,15.606
C:/Users/JC1913/Desktop/JC/Jinhua/TD_N19EP_AASOC   EB/2.Spectra/FM/POR AIT0137.00-19 Specturm/POR AIT0137.00-16   Specturm/14-45-34/2026_7_20_14_47_19/AIT0137.00-19_AIT0137.16_A03-090_2026-7-20-14-47-19_Die52_C5_R-1_20260801145029737.sme,AIT0137.00-19,AIT0137.16,A03-090,2026-7-20-14-47-19,52,5,-1,116.5635,-18.2178,19.413,0.999,0.9915,1,20,43.699,54.4567,13.6529,19.245,17.903,14.995,21.435,54.457,61.922,46.178,22.078,0,0.3,16.843,13.653
C:/Users/JC1913/Desktop/JC/Jinhua/TD_N19EP_AASOC   EB/2.Spectra/FM/POR AIT0137.00-19 Specturm/POR AIT0137.00-16   Specturm/14-45-34/2026_7_20_14_47_19/AIT0137.00-19_AIT0137.16_A03-090_2026-7-20-14-47-19_Die53_C-4_R-2_20260801145031837.sme,AIT0137.00-19,AIT0137.16,A03-090,2026-7-20-14-47-19,53,-4,-2,-113.475,-47.42,19.302,0.999,0.9916,1,20,43.6577,53.7886,13.0249,18.739,18.12,14.749,21.779,53.789,61.565,46.698,21.382,0,0.309,16.717,13.025
C:/Users/JC1913/Desktop/JC/Jinhua/TD_N19EP_AASOC   EB/2.Spectra/FM/POR AIT0137.00-19 Specturm/POR AIT0137.00-16   Specturm/14-45-34/2026_7_20_14_47_19/AIT0137.00-19_AIT0137.16_A03-090_2026-7-20-14-47-19_Die54_C-3_R-2_20260801145033936.sme,AIT0137.00-19,AIT0137.16,A03-090,2026-7-20-14-47-19,54,-3,-2,-87.9148,-47.42,19.702,0.999,0.9914,1,20,45.9312,56.4772,13.5041,19.821,17.523,15.592,24.269,56.477,63.258,45.662,22.496,0,0.241,19.895,13.504
C:/Users/JC1913/Desktop/JC/Jinhua/TD_N19EP_AASOC   EB/2.Spectra/FM/POR AIT0137.00-19 Specturm/POR AIT0137.00-16   Specturm/14-45-34/2026_7_20_14_47_19/AIT0137.00-19_AIT0137.16_A03-090_2026-7-20-14-47-19_Die55_C-2_R-2_20260801145036037.sme,AIT0137.00-19,AIT0137.16,A03-090,2026-7-20-14-47-19,55,-2,-2,-62.355,-47.42,20.136,0.999,0.9913,0,20,44.5609,57.1084,15.467,23.779,14.213,18.373,28.379,57.108,63.346,42.767,26.384,6.326,0.166,19.123,15.467
C:/Users/JC1913/Desktop/JC/Jinhua/TD_N19EP_AASOC   EB/2.Spectra/FM/POR AIT0137.00-19 Specturm/POR AIT0137.00-16   Specturm/14-45-34/2026_7_20_14_47_19/AIT0137.00-19_AIT0137.16_A03-090_2026-7-20-14-47-19_Die56_C-1_R-2_20260801145038138.sme,AIT0137.00-19,AIT0137.16,A03-090,2026-7-20-14-47-19,56,-1,-2,-36.7952,-47.42,20.187,0.999,0.9913,0,20,44.2601,56.3199,14.9708,21.758,15.254,18.155,25.836,56.32,62.697,44.159,24.835,6.393,0.264,16.836,14.971
C:/Users/JC1913/Desktop/JC/Jinhua/TD_N19EP_AASOC   EB/2.Spectra/FM/POR AIT0137.00-19 Specturm/POR AIT0137.00-16   Specturm/14-45-34/2026_7_20_14_47_19/AIT0137.00-19_AIT0137.16_A03-090_2026-7-20-14-47-19_Die57_C0_R-2_20260801145040236.sme,AIT0137.00-19,AIT0137.16,A03-090,2026-7-20-14-47-19,57,0,-2,-11.2354,-47.42,20.139,0.999,0.9913,0,20,44.2505,56.8204,15.4807,24.805,14.347,18.419,29.802,56.82,62.574,42.099,26.959,6.09,0.15,20.599,15.481
C:/Users/JC1913/Desktop/JC/Jinhua/TD_N19EP_AASOC   EB/2.Spectra/FM/POR AIT0137.00-19 Specturm/POR AIT0137.00-16   Specturm/14-45-34/2026_7_20_14_47_19/AIT0137.00-19_AIT0137.16_A03-090_2026-7-20-14-47-19_Die58_C1_R-2_20260801145042336.sme,AIT0137.00-19,AIT0137.16,A03-090,2026-7-20-14-47-19,58,1,-2,14.3244,-47.42,20.012,0.999,0.9913,1,20,44.3132,55.1557,13.7549,19.558,18.532,15.352,22.608,55.156,62.373,46.07,22.257,0,0.316,19.582,13.755
C:/Users/JC1913/Desktop/JC/Jinhua/TD_N19EP_AASOC   EB/2.Spectra/FM/POR AIT0137.00-19 Specturm/POR AIT0137.00-16   Specturm/14-45-34/2026_7_20_14_47_19/AIT0137.00-19_AIT0137.16_A03-090_2026-7-20-14-47-19_Die59_C2_R-2_20260801145044436.sme,AIT0137.00-19,AIT0137.16,A03-090,2026-7-20-14-47-19,59,2,-2,39.8841,-47.42,20.112,0.999,0.9913,0,20,43.4879,56.0513,15.4526,24.668,14.019,18.558,29.519,56.051,62.332,42.179,26.988,6.311,0.15,20.218,15.453
C:/Users/JC1913/Desktop/JC/Jinhua/TD_N19EP_AASOC   EB/2.Spectra/FM/POR AIT0137.00-19 Specturm/POR AIT0137.00-16   Specturm/14-45-34/2026_7_20_14_47_19/AIT0137.00-19_AIT0137.16_A03-090_2026-7-20-14-47-19_Die60_C3_R-2_20260801145046536.sme,AIT0137.00-19,AIT0137.16,A03-090,2026-7-20-14-47-19,60,3,-2,65.4439,-47.42,19.769,0.999,0.9914,1,20,44.5147,55.7238,14.1273,19.716,18.124,15.356,22.527,55.724,63.357,46.033,22.172,0,0.305,18.102,14.127
C:/Users/JC1913/Desktop/JC/Jinhua/TD_N19EP_AASOC   EB/2.Spectra/FM/POR AIT0137.00-19 Specturm/POR AIT0137.00-16   Specturm/14-45-34/2026_7_20_14_47_19/AIT0137.00-19_AIT0137.16_A03-090_2026-7-20-14-47-19_Die61_C4_R-2_20260801145048643.sme,AIT0137.00-19,AIT0137.16,A03-090,2026-7-20-14-47-19,61,4,-2,91.0037,-47.42,19.947,0.999,0.9914,1,20,45.1491,55.7587,13.5456,19.552,16.56,15.868,23.644,55.759,62.81,45.57,22.751,0,0.299,20.511,13.546
C:/Users/JC1913/Desktop/JC/Jinhua/TD_N19EP_AASOC   EB/2.Spectra/FM/POR AIT0137.00-19 Specturm/POR AIT0137.00-16   Specturm/14-45-34/2026_7_20_14_47_19/AIT0137.00-19_AIT0137.16_A03-090_2026-7-20-14-47-19_Die62_C5_R-2_20260801145051436.sme,AIT0137.00-19,AIT0137.16,A03-090,2026-7-20-14-47-19,62,5,-2,116.5635,-47.42,19.095,0.999,0.9916,1,20,42.82,53.592,13.6425,22.2,16.393,15.712,27.745,53.592,61.284,44.528,23.806,0,0.15,22.999,13.643
C:/Users/JC1913/Desktop/JC/Jinhua/TD_N19EP_AASOC   EB/2.Spectra/FM/POR AIT0137.00-19 Specturm/POR AIT0137.00-16   Specturm/14-45-34/2026_7_20_14_47_19/AIT0137.00-19_AIT0137.16_A03-090_2026-7-20-14-47-19_Die63_C-3_R-3_20260801145053536.sme,AIT0137.00-19,AIT0137.16,A03-090,2026-7-20-14-47-19,63,-3,-3,-87.9148,-76.6222,19.171,0.999,0.9916,1,20,43.5958,54.2346,13.5311,18.795,17.68,15.232,22.476,54.235,61.616,46.18,22.166,0,0.291,18.023,13.531
C:/Users/JC1913/Desktop/JC/Jinhua/TD_N19EP_AASOC   EB/2.Spectra/FM/POR AIT0137.00-19 Specturm/POR AIT0137.00-16   Specturm/14-45-34/2026_7_20_14_47_19/AIT0137.00-19_AIT0137.16_A03-090_2026-7-20-14-47-19_Die64_C-2_R-3_20260801145055636.sme,AIT0137.00-19,AIT0137.16,A03-090,2026-7-20-14-47-19,64,-2,-3,-62.355,-76.6222,19.6,0.999,0.9915,1,20,45.3439,56.0457,13.6432,19.197,17.856,15.523,23.352,56.046,63.061,45.916,22.416,0,0.252,19.262,13.643
C:/Users/JC1913/Desktop/JC/Jinhua/TD_N19EP_AASOC   EB/2.Spectra/FM/POR AIT0137.00-19 Specturm/POR AIT0137.00-16   Specturm/14-45-34/2026_7_20_14_47_19/AIT0137.00-19_AIT0137.16_A03-090_2026-7-20-14-47-19_Die65_C-1_R-3_20260801145057736.sme,AIT0137.00-19,AIT0137.16,A03-090,2026-7-20-14-47-19,65,-1,-3,-36.7952,-76.6222,20.013,0.999,0.9913,0,18,44.5129,57.0711,15.4763,21.895,15.06,17.726,27.05,57.071,63.49,43.625,25.196,4.565,0.2,18.519,15.476
C:/Users/JC1913/Desktop/JC/Jinhua/TD_N19EP_AASOC   EB/2.Spectra/FM/POR AIT0137.00-19 Specturm/POR AIT0137.00-16   Specturm/14-45-34/2026_7_20_14_47_19/AIT0137.00-19_AIT0137.16_A03-090_2026-7-20-14-47-19_Die66_C0_R-3_20260801145059836.sme,AIT0137.00-19,AIT0137.16,A03-090,2026-7-20-14-47-19,66,0,-3,-11.2354,-76.6222,20.145,0.999,0.9913,0,20,44.5263,57.4816,15.8737,24.557,14.092,18.238,29.187,57.482,63.426,42.174,26.771,5.599,0.15,20.088,15.874
C:/Users/JC1913/Desktop/JC/Jinhua/TD_N19EP_AASOC   EB/2.Spectra/FM/POR AIT0137.00-19 Specturm/POR AIT0137.00-16   Specturm/14-45-34/2026_7_20_14_47_19/AIT0137.00-19_AIT0137.16_A03-090_2026-7-20-14-47-19_Die67_C1_R-3_20260801145101936.sme,AIT0137.00-19,AIT0137.16,A03-090,2026-7-20-14-47-19,67,1,-3,14.3244,-76.6222,20.002,0.999,0.9913,0,18,43.5765,56.1605,15.4758,20.783,15.74,17.585,25.505,56.161,63.333,44.39,24.514,4.357,0.261,17.15,15.476
C:/Users/JC1913/Desktop/JC/Jinhua/TD_N19EP_AASOC   EB/2.Spectra/FM/POR AIT0137.00-19 Specturm/POR AIT0137.00-16   Specturm/14-45-34/2026_7_20_14_47_19/AIT0137.00-19_AIT0137.16_A03-090_2026-7-20-14-47-19_Die68_C2_R-3_20260801145104037.sme,AIT0137.00-19,AIT0137.16,A03-090,2026-7-20-14-47-19,68,2,-3,39.8841,-76.6222,19.647,0.999,0.9915,1,20,45.2441,56.4748,14.1694,19.57,17.734,15.411,22.567,56.475,63.373,45.416,22.825,0,0.305,18.177,14.169
C:/Users/JC1913/Desktop/JC/Jinhua/TD_N19EP_AASOC   EB/2.Spectra/FM/POR AIT0137.00-19 Specturm/POR AIT0137.00-16   Specturm/14-45-34/2026_7_20_14_47_19/AIT0137.00-19_AIT0137.16_A03-090_2026-7-20-14-47-19_Die69_C3_R-3_20260801145106136.sme,AIT0137.00-19,AIT0137.16,A03-090,2026-7-20-14-47-19,69,3,-3,65.4439,-76.6222,19.869,0.999,0.9914,1,20,45.211,56.0486,13.7753,20.161,17.18,15.913,24.849,56.049,62.828,45.005,23.922,0,0.194,21.595,13.775
C:/Users/JC1913/Desktop/JC/Jinhua/TD_N19EP_AASOC   EB/2.Spectra/FM/POR AIT0137.00-19 Specturm/POR AIT0137.00-16   Specturm/14-45-34/2026_7_20_14_47_19/AIT0137.00-19_AIT0137.16_A03-090_2026-7-20-14-47-19_Die70_C4_R-3_20260801145108586.sme,AIT0137.00-19,AIT0137.16,A03-090,2026-7-20-14-47-19,70,4,-3,91.0037,-76.6222,19.715,0.999,0.9914,0,20,42.2573,54.2282,14.8256,22.633,14.949,17.017,28.142,54.228,61.942,43.481,25.109,2.03,0.15,21.08,14.826
C:/Users/JC1913/Desktop/JC/Jinhua/TD_N19EP_AASOC   EB/2.Spectra/FM/POR AIT0137.00-19 Specturm/POR AIT0137.00-16   Specturm/14-45-34/2026_7_20_14_47_19/AIT0137.00-19_AIT0137.16_A03-090_2026-7-20-14-47-19_Die71_C-2_R-4_20260801145110685.sme,AIT0137.00-19,AIT0137.16,A03-090,2026-7-20-14-47-19,71,-2,-4,-62.355,-105.824,19.139,0.999,0.9916,1,20,43.4716,54.5444,13.9616,18.453,17.774,14.789,21.54,54.544,61.465,46.293,21.263,0,0.349,16.318,13.962
C:/Users/JC1913/Desktop/JC/Jinhua/TD_N19EP_AASOC   EB/2.Spectra/FM/POR AIT0137.00-19 Specturm/POR AIT0137.00-16   Specturm/14-45-34/2026_7_20_14_47_19/AIT0137.00-19_AIT0137.16_A03-090_2026-7-20-14-47-19_Die72_C-1_R-4_20260801145112786.sme,AIT0137.00-19,AIT0137.16,A03-090,2026-7-20-14-47-19,72,-1,-4,-36.7952,-105.824,19.59,0.999,0.9915,1,20,44.2369,55.1039,13.7774,18.892,17.946,14.923,21.022,55.104,61.985,46.059,21.941,0,0.33,16.612,13.777
C:/Users/JC1913/Desktop/JC/Jinhua/TD_N19EP_AASOC   EB/2.Spectra/FM/POR AIT0137.00-19 Specturm/POR AIT0137.00-16   Specturm/14-45-34/2026_7_20_14_47_19/AIT0137.00-19_AIT0137.16_A03-090_2026-7-20-14-47-19_Die73_C0_R-4_20260801145114886.sme,AIT0137.00-19,AIT0137.16,A03-090,2026-7-20-14-47-19,73,0,-4,-11.2354,-105.824,19.978,0.999,0.9914,0,20,43.7487,56.2446,15.3925,22.591,14.388,17.766,27.885,56.245,62.301,42.992,25.731,4.323,0.175,19.48,15.392
C:/Users/JC1913/Desktop/JC/Jinhua/TD_N19EP_AASOC   EB/2.Spectra/FM/POR AIT0137.00-19 Specturm/POR AIT0137.00-16   Specturm/14-45-34/2026_7_20_14_47_19/AIT0137.00-19_AIT0137.16_A03-090_2026-7-20-14-47-19_Die74_C1_R-4_20260801145116986.sme,AIT0137.00-19,AIT0137.16,A03-090,2026-7-20-14-47-19,74,1,-4,14.3244,-105.824,19.953,0.999,0.9914,0,20,43.5645,56.1253,15.4523,22.409,14.47,17.867,27.631,56.125,62.625,43.238,25.436,4.514,0.176,18.931,15.452
C:/Users/JC1913/Desktop/JC/Jinhua/TD_N19EP_AASOC   EB/2.Spectra/FM/POR AIT0137.00-19 Specturm/POR AIT0137.00-16   Specturm/14-45-34/2026_7_20_14_47_19/AIT0137.00-19_AIT0137.16_A03-090_2026-7-20-14-47-19_Die75_C2_R-4_20260801145119085.sme,AIT0137.00-19,AIT0137.16,A03-090,2026-7-20-14-47-19,75,2,-4,39.8841,-105.824,19.832,0.999,0.9914,0,20,43.0916,55.9352,15.7217,23.177,13.985,17.808,28.398,55.935,62.366,42.593,26.227,4.04,0.153,19.902,15.722
C:/Users/JC1913/Desktop/JC/Jinhua/TD_N19EP_AASOC   EB/2.Spectra/FM/POR AIT0137.00-19 Specturm/POR AIT0137.00-16   Specturm/14-45-34/2026_7_20_14_47_19/AIT0137.00-19_AIT0137.16_A03-090_2026-7-20-14-47-19_Die76_C3_R-4_20260801145121535.sme,AIT0137.00-19,AIT0137.16,A03-090,2026-7-20-14-47-19,76,3,-4,65.4439,-105.824,19.475,0.999,0.9915,1,20,42.9117,53.8828,13.8442,19.23,17.808,14.835,21.473,53.883,61.911,46.141,22.155,0,0.299,16.561,13.844
C:/Users/JC1913/Desktop/JC/Jinhua/TD_N19EP_AASOC   EB/2.Spectra/FM/POR AIT0137.00-19 Specturm/POR AIT0137.00-16   Specturm/14-45-34/2026_7_20_14_47_19/AIT0137.00-19_AIT0137.16_A03-090_2026-7-20-14-47-19_Die77_C-1_R-5_20260801145123635.sme,AIT0137.00-19,AIT0137.16,A03-090,2026-7-20-14-47-19,77,-1,-5,-36.7952,-135.027,18.907,0.999,0.9917,1,20,44.0308,54.7816,13.6554,19.078,16.755,15.053,22.523,54.782,62.029,45.57,22.366,0,0.306,16.223,13.655
C:/Users/JC1913/Desktop/JC/Jinhua/TD_N19EP_AASOC   EB/2.Spectra/FM/POR AIT0137.00-19 Specturm/POR AIT0137.00-16   Specturm/14-45-34/2026_7_20_14_47_19/AIT0137.00-19_AIT0137.16_A03-090_2026-7-20-14-47-19_Die78_C0_R-5_20260801145126085.sme,AIT0137.00-19,AIT0137.16,A03-090,2026-7-20-14-47-19,78,0,-5,-11.2354,-135.027,18.827,0.999,0.9917,1,20,44.0859,54.951,13.7712,19.457,17.212,15.178,24.127,54.951,61.575,45.252,23.004,0,0.208,19.244,13.771
C:/Users/JC1913/Desktop/JC/Jinhua/TD_N19EP_AASOC   EB/2.Spectra/FM/POR AIT0137.00-19 Specturm/POR AIT0137.00-16   Specturm/14-45-34/2026_7_20_14_47_19/AIT0137.00-19_AIT0137.16_A03-090_2026-7-20-14-47-19_Die79_C1_R-5_20260801145128185.sme,AIT0137.00-19,AIT0137.16,A03-090,2026-7-20-14-47-19,79,1,-5,14.3244,-135.027,18.927,0.999,0.9917,1,20,43.477,55.0029,14.4149,23.246,14.442,16.565,28.386,55.003,61.583,42.7,26.175,0.722,0.15,23,14.415
C:/Users/JC1913/Desktop/JC/Jinhua/TD_N19EP_AASOC   EB/2.Spectra/FM/POR AIT0137.00-19 Specturm/POR AIT0137.00-16   Specturm/14-45-34/2026_7_20_14_47_19/AIT0137.00-19_AIT0137.16_A03-090_2026-7-20-14-47-19_Die80_C2_R-5_20260801145128220.sme,AIT0137.00-19,AIT0137.16,A03-090,2026-7-20-14-47-19,80,2,-5,39.8841,-135.027,18.572,0.999,0.9918,1,20,44.4263,55.179,13.6684,19.548,16.285,15.03,22.923,55.179,61.576,45.484,21.657,0,0.259,15.974,13.668
C:/Users/JC1913/Desktop/JC/Jinhua/TD_N19EP_AASOC   EB/2.Spectra/FM/DOE1 AIT0161.00-10 Specturm/DOE1 AIT0161.00-10   Specturm/10-14-35/2026_7_20_14_46_21/AIT0161.00-10_AIT0161.08_A03-090_2026-7-20-14-46-21_Die1_C-1_R4_20260804101445142.sme,AIT0161.00-10,AIT0161.08,A03-090,2026-7-20-14-46-21,1,-1,4,-36.7952,127.7933,20.529,0.999,0.9912,0,20,33.5551,54.2743,23.329,20.182,14.812,16.937,29.871,54.274,61.936,44.632,23.551,2.332,0.182,20.529,23.329
C:/Users/JC1913/Desktop/JC/Jinhua/TD_N19EP_AASOC   EB/2.Spectra/FM/DOE1 AIT0161.00-10 Specturm/DOE1 AIT0161.00-10   Specturm/10-14-35/2026_7_20_14_46_21/AIT0161.00-10_AIT0161.08_A03-090_2026-7-20-14-46-21_Die2_C0_R4_20260804101447242.sme,AIT0161.00-10,AIT0161.08,A03-090,2026-7-20-14-46-21,2,0,4,-11.2354,127.7933,20.159,0.999,0.9913,0,20,34.9172,54.9755,22.7064,20.83,15.025,16.508,28.317,54.975,62.119,44.28,24.216,0.389,0.19,21.214,22.706
C:/Users/JC1913/Desktop/JC/Jinhua/TD_N19EP_AASOC   EB/2.Spectra/FM/DOE1 AIT0161.00-10 Specturm/DOE1 AIT0161.00-10   Specturm/10-14-35/2026_7_20_14_46_21/AIT0161.00-10_AIT0161.08_A03-090_2026-7-20-14-46-21_Die3_C1_R4_20260804101449342.sme,AIT0161.00-10,AIT0161.08,A03-090,2026-7-20-14-46-21,3,1,4,14.3244,127.7933,20.059,0.999,0.9913,1,20,34.7332,54.7096,22.6193,19.322,15.925,16.074,27.7,54.71,61.933,45.264,22.772,0,0.203,20.77,22.619
C:/Users/JC1913/Desktop/JC/Jinhua/TD_N19EP_AASOC   EB/2.Spectra/FM/DOE1 AIT0161.00-10 Specturm/DOE1 AIT0161.00-10   Specturm/10-14-35/2026_7_20_14_46_21/AIT0161.00-10_AIT0161.08_A03-090_2026-7-20-14-46-21_Die4_C2_R4_20260804101451792.sme,AIT0161.00-10,AIT0161.08,A03-090,2026-7-20-14-46-21,4,2,4,39.8841,127.7933,20.644,0.999,0.9911,1,20,33.1606,53.9619,23.4,20.557,14.549,17.094,30,53.962,61.309,44.654,23.811,2.726,0.187,20.794,23.4
C:/Users/JC1913/Desktop/JC/Jinhua/TD_N19EP_AASOC   EB/2.Spectra/FM/DOE1 AIT0161.00-10 Specturm/DOE1 AIT0161.00-10   Specturm/10-14-35/2026_7_20_14_46_21/AIT0161.00-10_AIT0161.08_A03-090_2026-7-20-14-46-21_Die5_C-3_R3_20260804101453892.sme,AIT0161.00-10,AIT0161.08,A03-090,2026-7-20-14-46-21,5,-3,3,-87.9148,98.5911,20.439,0.999,0.9912,0,20,33.7861,53.483,22.3132,19.354,15.66,16.398,26.84,53.483,61.696,45.706,22.584,1.263,0.273,17.716,22.313
C:/Users/JC1913/Desktop/JC/Jinhua/TD_N19EP_AASOC   EB/2.Spectra/FM/DOE1 AIT0161.00-10 Specturm/DOE1 AIT0161.00-10   Specturm/10-14-35/2026_7_20_14_46_21/AIT0161.00-10_AIT0161.08_A03-090_2026-7-20-14-46-21_Die6_C-2_R3_20260804101455991.sme,AIT0161.00-10,AIT0161.08,A03-090,2026-7-20-14-46-21,6,-2,3,-62.355,98.5911,20.227,0.999,0.9913,0,20,36.0944,56.0728,22.6596,20.507,15.039,16.731,29.065,56.073,62.941,44.02,24.472,0.961,0.197,21.838,22.66
C:/Users/JC1913/Desktop/JC/Jinhua/TD_N19EP_AASOC   EB/2.Spectra/FM/DOE1 AIT0161.00-10 Specturm/DOE1 AIT0161.00-10   Specturm/10-14-35/2026_7_20_14_46_21/AIT0161.00-10_AIT0161.08_A03-090_2026-7-20-14-46-21_Die7_C-1_R3_20260804101458091.sme,AIT0161.00-10,AIT0161.08,A03-090,2026-7-20-14-46-21,7,-1,3,-36.7952,98.5911,20.126,0.999,0.9913,1,20,38.0013,57.1198,21.8534,20.118,15.995,16.207,27.223,57.12,63.21,44.442,23.902,0,0.194,20.718,21.853
C:/Users/JC1913/Desktop/JC/Jinhua/TD_N19EP_AASOC   EB/2.Spectra/FM/DOE1 AIT0161.00-10 Specturm/DOE1 AIT0161.00-10   Specturm/10-14-35/2026_7_20_14_46_21/AIT0161.00-10_AIT0161.08_A03-090_2026-7-20-14-46-21_Die8_C0_R3_20260804101500191.sme,AIT0161.00-10,AIT0161.08,A03-090,2026-7-20-14-46-21,8,0,3,-11.2354,98.5911,20.338,0.999,0.9912,0,20,38.0445,57.8336,22.5253,20.285,15.719,16.538,28.035,57.834,63.713,44.023,24.269,0.583,0.202,20.79,22.525
C:/Users/JC1913/Desktop/JC/Jinhua/TD_N19EP_AASOC   EB/2.Spectra/FM/DOE1 AIT0161.00-10 Specturm/DOE1 AIT0161.00-10   Specturm/10-14-35/2026_7_20_14_46_21/AIT0161.00-10_AIT0161.08_A03-090_2026-7-20-14-46-21_Die9_C1_R3_20260804101502291.sme,AIT0161.00-10,AIT0161.08,A03-090,2026-7-20-14-46-21,9,1,3,14.3244,98.5911,20.175,0.999,0.9913,1,20,38.1965,57.6392,22.1831,20.312,16.135,16.254,27.537,57.639,63.534,44.352,23.876,0,0.186,20.7,22.183
C:/Users/JC1913/Desktop/JC/Jinhua/TD_N19EP_AASOC   EB/2.Spectra/FM/DOE1 AIT0161.00-10 Specturm/DOE1 AIT0161.00-10   Specturm/10-14-35/2026_7_20_14_46_21/AIT0161.00-10_AIT0161.08_A03-090_2026-7-20-14-46-21_Die10_C2_R3_20260804101504391.sme,AIT0161.00-10,AIT0161.08,A03-090,2026-7-20-14-46-21,10,2,3,39.8841,98.5911,20.201,0.999,0.9913,0,20,37.2081,57.0278,22.5323,20.332,15.537,16.527,28.294,57.028,63.258,44.133,24.301,0.444,0.19,21.05,22.532
C:/Users/JC1913/Desktop/JC/Jinhua/TD_N19EP_AASOC   EB/2.Spectra/FM/DOE1 AIT0161.00-10 Specturm/DOE1 AIT0161.00-10   Specturm/10-14-35/2026_7_20_14_46_21/AIT0161.00-10_AIT0161.08_A03-090_2026-7-20-14-46-21_Die11_C3_R3_20260804101506491.sme,AIT0161.00-10,AIT0161.08,A03-090,2026-7-20-14-46-21,11,3,3,65.4439,98.5911,20.093,0.999,0.9913,0,20,35.7404,55.9369,22.8677,20.385,15.094,16.645,28.489,55.937,62.338,44.321,24.312,0.745,0.2,21.401,22.868
C:/Users/JC1913/Desktop/JC/Jinhua/TD_N19EP_AASOC   EB/2.Spectra/FM/DOE1 AIT0161.00-10 Specturm/DOE1 AIT0161.00-10   Specturm/10-14-35/2026_7_20_14_46_21/AIT0161.00-10_AIT0161.08_A03-090_2026-7-20-14-46-21_Die12_C4_R3_20260804101508941.sme,AIT0161.00-10,AIT0161.08,A03-090,2026-7-20-14-46-21,12,4,3,91.0037,98.5911,20.681,0.999,0.9911,1,20,34.2684,54.275,22.6365,20.594,14.742,16.516,30,54.275,61.541,44.727,23.583,1.243,0.15,22.652,22.636
C:/Users/JC1913/Desktop/JC/Jinhua/TD_N19EP_AASOC   EB/2.Spectra/FM/DOE1 AIT0161.00-10 Specturm/DOE1 AIT0161.00-10   Specturm/10-14-35/2026_7_20_14_46_21/AIT0161.00-10_AIT0161.08_A03-090_2026-7-20-14-46-21_Die13_C-4_R2_20260804101511042.sme,AIT0161.00-10,AIT0161.08,A03-090,2026-7-20-14-46-21,13,-4,2,-113.475,69.3889,20.279,0.999,0.9913,1,20,34.6012,53.679,21.717,20.551,15.719,16.126,30,53.679,60.972,45.117,22.746,0,0.15,23,21.717
C:/Users/JC1913/Desktop/JC/Jinhua/TD_N19EP_AASOC   EB/2.Spectra/FM/DOE1 AIT0161.00-10 Specturm/DOE1 AIT0161.00-10   Specturm/10-14-35/2026_7_20_14_46_21/AIT0161.00-10_AIT0161.08_A03-090_2026-7-20-14-46-21_Die14_C-3_R2_20260804101513141.sme,AIT0161.00-10,AIT0161.08,A03-090,2026-7-20-14-46-21,14,-3,2,-87.9148,69.3889,20.392,0.999,0.9912,0,18,35.6662,56.0314,23.0344,20.411,14.769,17.278,29.019,56.031,62.614,44.099,24.631,2.549,0.224,20.895,23.034
C:/Users/JC1913/Desktop/JC/Jinhua/TD_N19EP_AASOC   EB/2.Spectra/FM/DOE1 AIT0161.00-10 Specturm/DOE1 AIT0161.00-10   Specturm/10-14-35/2026_7_20_14_46_21/AIT0161.00-10_AIT0161.08_A03-090_2026-7-20-14-46-21_Die15_C-2_R2_20260804101515241.sme,AIT0161.00-10,AIT0161.08,A03-090,2026-7-20-14-46-21,15,-2,2,-62.355,69.3889,20.638,0.999,0.9911,0,20,37.0507,57.7184,23.3759,20.762,14.637,17.815,28.822,57.718,64.009,43.937,24.829,4.195,0.252,19.698,23.376
C:/Users/JC1913/Desktop/JC/Jinhua/TD_N19EP_AASOC   EB/2.Spectra/FM/DOE1 AIT0161.00-10 Specturm/DOE1 AIT0161.00-10   Specturm/10-14-35/2026_7_20_14_46_21/AIT0161.00-10_AIT0161.08_A03-090_2026-7-20-14-46-21_Die16_C-1_R2_20260804101517341.sme,AIT0161.00-10,AIT0161.08,A03-090,2026-7-20-14-46-21,16,-1,2,-36.7952,69.3889,20.614,0.999,0.9912,0,11,36.5811,57.8117,23.9255,21.427,14.483,18.193,29.274,57.812,63.868,43.563,25.522,5.311,0.244,19.704,23.926
C:/Users/JC1913/Desktop/JC/Jinhua/TD_N19EP_AASOC   EB/2.Spectra/FM/DOE1 AIT0161.00-10 Specturm/DOE1 AIT0161.00-10   Specturm/10-14-35/2026_7_20_14_46_21/AIT0161.00-10_AIT0161.08_A03-090_2026-7-20-14-46-21_Die17_C0_R2_20260804101519441.sme,AIT0161.00-10,AIT0161.08,A03-090,2026-7-20-14-46-21,17,0,2,-11.2354,69.3889,20.655,0.999,0.9911,0,19,36.4401,57.7063,23.9572,21.385,14.674,18.315,28.554,57.706,63.66,43.81,25.416,5.878,0.267,18.748,23.957
C:/Users/JC1913/Desktop/JC/Jinhua/TD_N19EP_AASOC   EB/2.Spectra/FM/DOE1 AIT0161.00-10 Specturm/DOE1 AIT0161.00-10   Specturm/10-14-35/2026_7_20_14_46_21/AIT0161.00-10_AIT0161.08_A03-090_2026-7-20-14-46-21_Die18_C1_R2_20260804101521541.sme,AIT0161.00-10,AIT0161.08,A03-090,2026-7-20-14-46-21,18,1,2,14.3244,69.3889,20.603,0.999,0.9912,0,15,36.3762,57.8251,24.138,21.644,14.536,18.346,29.495,57.825,63.83,43.564,25.558,5.855,0.235,19.622,24.138
C:/Users/JC1913/Desktop/JC/Jinhua/TD_N19EP_AASOC   EB/2.Spectra/FM/DOE1 AIT0161.00-10 Specturm/DOE1 AIT0161.00-10   Specturm/10-14-35/2026_7_20_14_46_21/AIT0161.00-10_AIT0161.08_A03-090_2026-7-20-14-46-21_Die19_C2_R2_20260804101523641.sme,AIT0161.00-10,AIT0161.08,A03-090,2026-7-20-14-46-21,19,2,2,39.8841,69.3889,20.686,0.999,0.9911,0,17,36.7958,58.2492,24.1544,20.806,14.825,17.935,28.045,58.249,63.784,43.933,25.134,4.689,0.283,18.811,24.154
C:/Users/JC1913/Desktop/JC/Jinhua/TD_N19EP_AASOC   EB/2.Spectra/FM/DOE1 AIT0161.00-10 Specturm/DOE1 AIT0161.00-10   Specturm/10-14-35/2026_7_20_14_46_21/AIT0161.00-10_AIT0161.08_A03-090_2026-7-20-14-46-21_Die20_C3_R2_20260804101525741.sme,AIT0161.00-10,AIT0161.08,A03-090,2026-7-20-14-46-21,20,3,2,65.4439,69.3889,20.185,0.999,0.9913,1,20,38.2191,57.7963,22.3182,20.294,16.081,16.312,27.498,57.796,63.695,44.46,23.907,0,0.186,20.876,22.318
C:/Users/JC1913/Desktop/JC/Jinhua/TD_N19EP_AASOC   EB/2.Spectra/FM/DOE1 AIT0161.00-10 Specturm/DOE1 AIT0161.00-10   Specturm/10-14-35/2026_7_20_14_46_21/AIT0161.00-10_AIT0161.08_A03-090_2026-7-20-14-46-21_Die21_C4_R2_20260804101527841.sme,AIT0161.00-10,AIT0161.08,A03-090,2026-7-20-14-46-21,21,4,2,91.0037,69.3889,20.166,0.999,0.9913,0,20,35.7635,56.0374,22.9458,20.021,15.447,16.54,27.519,56.037,62.251,44.613,23.902,0.901,0.213,20.065,22.946
C:/Users/JC1913/Desktop/JC/Jinhua/TD_N19EP_AASOC   EB/2.Spectra/FM/DOE1 AIT0161.00-10 Specturm/DOE1 AIT0161.00-10   Specturm/10-14-35/2026_7_20_14_46_21/AIT0161.00-10_AIT0161.08_A03-090_2026-7-20-14-46-21_Die22_C5_R2_20260804101530640.sme,AIT0161.00-10,AIT0161.08,A03-090,2026-7-20-14-46-21,22,5,2,116.5635,69.3889,20.303,0.999,0.9912,1,20,34.8791,54.4738,22.2417,20.605,14.853,16.356,30,54.474,61.381,44.552,23.548,0.537,0.15,23,22.242
C:/Users/JC1913/Desktop/JC/Jinhua/TD_N19EP_AASOC   EB/2.Spectra/FM/DOE1 AIT0161.00-10 Specturm/DOE1 AIT0161.00-10   Specturm/10-14-35/2026_7_20_14_46_21/AIT0161.00-10_AIT0161.08_A03-090_2026-7-20-14-46-21_Die23_C-4_R1_20260804101532740.sme,AIT0161.00-10,AIT0161.08,A03-090,2026-7-20-14-46-21,23,-4,1,-113.475,40.1867,20.003,0.999,0.9913,1,20,36.3131,55.2788,21.6531,20.742,15.742,16.209,27.246,55.279,62.111,44.986,23.712,0,0.187,21.379,21.653
C:/Users/JC1913/Desktop/JC/Jinhua/TD_N19EP_AASOC   EB/2.Spectra/FM/DOE1 AIT0161.00-10 Specturm/DOE1 AIT0161.00-10   Specturm/10-14-35/2026_7_20_14_46_21/AIT0161.00-10_AIT0161.08_A03-090_2026-7-20-14-46-21_Die24_C-3_R1_20260804101534840.sme,AIT0161.00-10,AIT0161.08,A03-090,2026-7-20-14-46-21,24,-3,1,-87.9148,40.1867,20.34,0.999,0.9912,0,20,37.8526,57.825,22.7031,20.371,15.373,16.897,28.198,57.825,63.56,43.844,24.807,1.56,0.223,20.742,22.703
C:/Users/JC1913/Desktop/JC/Jinhua/TD_N19EP_AASOC   EB/2.Spectra/FM/DOE1 AIT0161.00-10 Specturm/DOE1 AIT0161.00-10   Specturm/10-14-35/2026_7_20_14_46_21/AIT0161.00-10_AIT0161.08_A03-090_2026-7-20-14-46-21_Die25_C-2_R1_20260804101536940.sme,AIT0161.00-10,AIT0161.08,A03-090,2026-7-20-14-46-21,25,-2,1,-62.355,40.1867,20.591,0.999,0.9912,0,16,35.675,57.0601,24.0546,21.714,14.45,18.412,29.478,57.06,63.632,43.617,25.674,6.037,0.234,19.745,24.055
C:/Users/JC1913/Desktop/JC/Jinhua/TD_N19EP_AASOC   EB/2.Spectra/FM/DOE1 AIT0161.00-10 Specturm/DOE1 AIT0161.00-10   Specturm/10-14-35/2026_7_20_14_46_21/AIT0161.00-10_AIT0161.08_A03-090_2026-7-20-14-46-21_Die26_C-1_R1_20260804101539040.sme,AIT0161.00-10,AIT0161.08,A03-090,2026-7-20-14-46-21,26,-1,1,-36.7952,40.1867,20.533,0.999,0.9912,0,14,35.5935,56.6643,23.738,22.027,14.666,18.576,29.619,56.664,63.248,43.58,25.929,6.61,0.234,19.67,23.738
C:/Users/JC1913/Desktop/JC/Jinhua/TD_N19EP_AASOC   EB/2.Spectra/FM/DOE1 AIT0161.00-10 Specturm/DOE1 AIT0161.00-10   Specturm/10-14-35/2026_7_20_14_46_21/AIT0161.00-10_AIT0161.08_A03-090_2026-7-20-14-46-21_Die27_C0_R1_20260804101541140.sme,AIT0161.00-10,AIT0161.08,A03-090,2026-7-20-14-46-21,27,0,1,-11.2354,40.1867,20.568,0.999,0.9912,1,12,36.166,57.0083,23.5255,22.113,14.753,18.596,30,57.008,63.161,43.508,25.735,6.758,0.23,19.962,23.526
C:/Users/JC1913/Desktop/JC/Jinhua/TD_N19EP_AASOC   EB/2.Spectra/FM/DOE1 AIT0161.00-10 Specturm/DOE1 AIT0161.00-10   Specturm/10-14-35/2026_7_20_14_46_21/AIT0161.00-10_AIT0161.08_A03-090_2026-7-20-14-46-21_Die28_C1_R1_20260804101543240.sme,AIT0161.00-10,AIT0161.08,A03-090,2026-7-20-14-46-21,28,1,1,14.3244,40.1867,20.622,0.999,0.9912,0,16,35.702,56.667,23.6353,21.803,14.997,18.528,28.948,56.667,62.712,43.868,25.56,6.706,0.257,18.855,23.635
C:/Users/JC1913/Desktop/JC/Jinhua/TD_N19EP_AASOC   EB/2.Spectra/FM/DOE1 AIT0161.00-10 Specturm/DOE1 AIT0161.00-10   Specturm/10-14-35/2026_7_20_14_46_21/AIT0161.00-10_AIT0161.08_A03-090_2026-7-20-14-46-21_Die29_C2_R1_20260804101545340.sme,AIT0161.00-10,AIT0161.08,A03-090,2026-7-20-14-46-21,29,2,1,39.8841,40.1867,20.611,0.999,0.9912,0,13,35.089,56.455,24.019,21.425,14.993,18.453,27.937,56.455,62.683,44.265,25.257,6.411,0.281,17.961,24.019
C:/Users/JC1913/Desktop/JC/Jinhua/TD_N19EP_AASOC   EB/2.Spectra/FM/DOE1 AIT0161.00-10 Specturm/DOE1 AIT0161.00-10   Specturm/10-14-35/2026_7_20_14_46_21/AIT0161.00-10_AIT0161.08_A03-090_2026-7-20-14-46-21_Die30_C3_R1_20260804101547440.sme,AIT0161.00-10,AIT0161.08,A03-090,2026-7-20-14-46-21,30,3,1,65.4439,40.1867,20.644,0.999,0.9911,0,17,36.2788,57.6102,24.0178,20.376,15.337,17.409,27.836,57.61,63.31,44.127,24.732,3.078,0.268,19.342,24.018
C:/Users/JC1913/Desktop/JC/Jinhua/TD_N19EP_AASOC   EB/2.Spectra/FM/DOE1 AIT0161.00-10 Specturm/DOE1 AIT0161.00-10   Specturm/10-14-35/2026_7_20_14_46_21/AIT0161.00-10_AIT0161.08_A03-090_2026-7-20-14-46-21_Die31_C4_R1_20260804101549540.sme,AIT0161.00-10,AIT0161.08,A03-090,2026-7-20-14-46-21,31,4,1,91.0037,40.1867,20.523,0.999,0.9912,0,20,36.5833,57.4496,23.5613,20.253,14.821,17.495,27.794,57.45,63.224,44.242,24.547,3.303,0.267,19.239,23.561
C:/Users/JC1913/Desktop/JC/Jinhua/TD_N19EP_AASOC   EB/2.Spectra/FM/DOE1 AIT0161.00-10 Specturm/DOE1 AIT0161.00-10   Specturm/10-14-35/2026_7_20_14_46_21/AIT0161.00-10_AIT0161.08_A03-090_2026-7-20-14-46-21_Die32_C5_R1_20260804101552340.sme,AIT0161.00-10,AIT0161.08,A03-090,2026-7-20-14-46-21,32,5,1,116.5635,40.1867,20.195,0.999,0.9913,0,20,34.9033,54.812,22.5564,20.454,15.054,16.533,28.344,54.812,61.845,44.614,24.13,0.572,0.185,21.362,22.556
C:/Users/JC1913/Desktop/JC/Jinhua/TD_N19EP_AASOC   EB/2.Spectra/FM/DOE1 AIT0161.00-10 Specturm/DOE1 AIT0161.00-10   Specturm/10-14-35/2026_7_20_14_46_21/AIT0161.00-10_AIT0161.08_A03-090_2026-7-20-14-46-21_Die33_C-4_R0_20260804101554440.sme,AIT0161.00-10,AIT0161.08,A03-090,2026-7-20-14-46-21,33,-4,0,-113.475,10.9845,20.06,0.999,0.9913,1,15,36.7919,55.8866,21.7955,20.345,15.738,16.302,27.102,55.887,62.271,44.787,23.92,0,0.2,21.042,21.795
C:/Users/JC1913/Desktop/JC/Jinhua/TD_N19EP_AASOC   EB/2.Spectra/FM/DOE1 AIT0161.00-10 Specturm/DOE1 AIT0161.00-10   Specturm/10-14-35/2026_7_20_14_46_21/AIT0161.00-10_AIT0161.08_A03-090_2026-7-20-14-46-21_Die34_C-3_R0_20260804101556540.sme,AIT0161.00-10,AIT0161.08,A03-090,2026-7-20-14-46-21,34,-3,0,-87.9148,10.9845,20.573,0.999,0.9912,0,17,36.493,57.3177,23.5171,20.875,14.644,17.979,28.817,57.318,63.63,43.907,25.22,4.556,0.244,19.683,23.517
C:/Users/JC1913/Desktop/JC/Jinhua/TD_N19EP_AASOC   EB/2.Spectra/FM/DOE1 AIT0161.00-10 Specturm/DOE1 AIT0161.00-10   Specturm/10-14-35/2026_7_20_14_46_21/AIT0161.00-10_AIT0161.08_A03-090_2026-7-20-14-46-21_Die35_C-2_R0_20260804101558640.sme,AIT0161.00-10,AIT0161.08,A03-090,2026-7-20-14-46-21,35,-2,0,-62.355,10.9845,20.659,0.999,0.9911,0,14,35.3172,56.3414,23.6836,21.4,14.879,18.442,28.34,56.341,62.905,44.222,25.139,6.337,0.268,18.503,23.684
C:/Users/JC1913/Desktop/JC/Jinhua/TD_N19EP_AASOC   EB/2.Spectra/FM/DOE1 AIT0161.00-10 Specturm/DOE1 AIT0161.00-10   Specturm/10-14-35/2026_7_20_14_46_21/AIT0161.00-10_AIT0161.08_A03-090_2026-7-20-14-46-21_Die36_C-1_R0_20260804101600740.sme,AIT0161.00-10,AIT0161.08,A03-090,2026-7-20-14-46-21,36,-1,0,-36.7952,10.9845,20.582,0.999,0.9912,1,13,35.8908,56.6825,23.4672,22.068,14.805,18.606,30,56.683,63.164,43.605,25.642,6.823,0.229,20.078,23.467
C:/Users/JC1913/Desktop/JC/Jinhua/TD_N19EP_AASOC   EB/2.Spectra/FM/DOE1 AIT0161.00-10 Specturm/DOE1 AIT0161.00-10   Specturm/10-14-35/2026_7_20_14_46_21/AIT0161.00-10_AIT0161.08_A03-090_2026-7-20-14-46-21_Die37_C0_R0_20260804101602840.sme,AIT0161.00-10,AIT0161.08,A03-090,2026-7-20-14-46-21,37,0,0,-11.2354,10.9845,20.442,0.999,0.9912,1,18,36.107,56.8568,23.4313,22.594,14.763,18.813,30,56.857,63.808,43.293,26.485,7.438,0.23,20.197,23.431
C:/Users/JC1913/Desktop/JC/Jinhua/TD_N19EP_AASOC   EB/2.Spectra/FM/DOE1 AIT0161.00-10 Specturm/DOE1 AIT0161.00-10   Specturm/10-14-35/2026_7_20_14_46_21/AIT0161.00-10_AIT0161.08_A03-090_2026-7-20-14-46-21_Die38_C1_R0_20260804101604939.sme,AIT0161.00-10,AIT0161.08,A03-090,2026-7-20-14-46-21,38,1,0,14.3244,10.9845,20.547,0.999,0.9912,1,12,36.7941,57.5429,23.4496,22.485,14.845,18.674,30,57.543,63.622,43.286,26.068,7.317,0.229,19.946,23.45
C:/Users/JC1913/Desktop/JC/Jinhua/TD_N19EP_AASOC   EB/2.Spectra/FM/DOE1 AIT0161.00-10 Specturm/DOE1 AIT0161.00-10   Specturm/10-14-35/2026_7_20_14_46_21/AIT0161.00-10_AIT0161.08_A03-090_2026-7-20-14-46-21_Die39_C2_R0_20260804101607041.sme,AIT0161.00-10,AIT0161.08,A03-090,2026-7-20-14-46-21,39,2,0,39.8841,10.9845,20.651,0.999,0.9911,0,14,35.7742,56.8681,23.7662,21.715,15.009,18.524,28.461,56.868,62.809,43.985,25.471,6.796,0.272,18.505,23.766
C:/Users/JC1913/Desktop/JC/Jinhua/TD_N19EP_AASOC   EB/2.Spectra/FM/DOE1 AIT0161.00-10 Specturm/DOE1 AIT0161.00-10   Specturm/10-14-35/2026_7_20_14_46_21/AIT0161.00-10_AIT0161.08_A03-090_2026-7-20-14-46-21_Die40_C3_R0_20260804101609139.sme,AIT0161.00-10,AIT0161.08,A03-090,2026-7-20-14-46-21,40,3,0,65.4439,10.9845,20.653,0.999,0.9911,0,20,36.399,57.1757,23.4665,20.144,16.04,16.956,27.487,57.176,62.781,44.328,24.2,2.07,0.245,19.343,23.467
C:/Users/JC1913/Desktop/JC/Jinhua/TD_N19EP_AASOC   EB/2.Spectra/FM/DOE1 AIT0161.00-10 Specturm/DOE1 AIT0161.00-10   Specturm/10-14-35/2026_7_20_14_46_21/AIT0161.00-10_AIT0161.08_A03-090_2026-7-20-14-46-21_Die41_C4_R0_20260804101611240.sme,AIT0161.00-10,AIT0161.08,A03-090,2026-7-20-14-46-21,41,4,0,91.0037,10.9845,20.421,0.999,0.9912,0,20,36.5141,57.4477,23.6266,20.234,15.155,17.255,27.782,57.448,63.046,44.152,24.685,2.621,0.259,19.514,23.627
C:/Users/JC1913/Desktop/JC/Jinhua/TD_N19EP_AASOC   EB/2.Spectra/FM/DOE1 AIT0161.00-10 Specturm/DOE1 AIT0161.00-10   Specturm/10-14-35/2026_7_20_14_46_21/AIT0161.00-10_AIT0161.08_A03-090_2026-7-20-14-46-21_Die42_C5_R0_20260804101614040.sme,AIT0161.00-10,AIT0161.08,A03-090,2026-7-20-14-46-21,42,5,0,116.5635,10.9845,20.053,0.999,0.9913,1,16,35.8316,55.4172,22.2594,20.193,15.737,16.241,27.002,55.417,62.189,45.063,23.531,0,0.205,20.458,22.259
C:/Users/JC1913/Desktop/JC/Jinhua/TD_N19EP_AASOC   EB/2.Spectra/FM/DOE1 AIT0161.00-10 Specturm/DOE1 AIT0161.00-10   Specturm/10-14-35/2026_7_20_14_46_21/AIT0161.00-10_AIT0161.08_A03-090_2026-7-20-14-46-21_Die43_C-4_R-1_20260804101616139.sme,AIT0161.00-10,AIT0161.08,A03-090,2026-7-20-14-46-21,43,-4,-1,-113.475,-18.2178,20.127,0.999,0.9913,0,20,36.9503,55.9567,21.7117,20.081,15.469,16.501,27.446,55.957,62.207,44.863,23.838,0.276,0.204,21.104,21.712
C:/Users/JC1913/Desktop/JC/Jinhua/TD_N19EP_AASOC   EB/2.Spectra/FM/DOE1 AIT0161.00-10 Specturm/DOE1 AIT0161.00-10   Specturm/10-14-35/2026_7_20_14_46_21/AIT0161.00-10_AIT0161.08_A03-090_2026-7-20-14-46-21_Die44_C-3_R-1_20260804101618239.sme,AIT0161.00-10,AIT0161.08,A03-090,2026-7-20-14-46-21,44,-3,-1,-87.9148,-18.2178,20.505,0.999,0.9912,0,16,37.8088,57.8584,22.779,20.167,15.475,17.038,27.842,57.858,63.581,44.074,24.693,2.041,0.238,19.884,22.779
C:/Users/JC1913/Desktop/JC/Jinhua/TD_N19EP_AASOC   EB/2.Spectra/FM/DOE1 AIT0161.00-10 Specturm/DOE1 AIT0161.00-10   Specturm/10-14-35/2026_7_20_14_46_21/AIT0161.00-10_AIT0161.08_A03-090_2026-7-20-14-46-21_Die45_C-2_R-1_20260804101620339.sme,AIT0161.00-10,AIT0161.08,A03-090,2026-7-20-14-46-21,45,-2,-1,-62.355,-18.2178,20.571,0.999,0.9912,0,14,35.6295,56.6156,23.6543,21.834,14.59,18.509,29.999,56.616,63.306,43.72,25.502,6.26,0.214,19.981,23.654
C:/Users/JC1913/Desktop/JC/Jinhua/TD_N19EP_AASOC   EB/2.Spectra/FM/DOE1 AIT0161.00-10 Specturm/DOE1 AIT0161.00-10   Specturm/10-14-35/2026_7_20_14_46_21/AIT0161.00-10_AIT0161.08_A03-090_2026-7-20-14-46-21_Die46_C-1_R-1_20260804101622439.sme,AIT0161.00-10,AIT0161.08,A03-090,2026-7-20-14-46-21,46,-1,-1,-36.7952,-18.2178,20.506,0.999,0.9912,1,20,35.7932,56.4915,23.371,22.016,14.753,18.57,30,56.491,63.422,43.583,25.759,6.915,0.227,20.153,23.371
C:/Users/JC1913/Desktop/JC/Jinhua/TD_N19EP_AASOC   EB/2.Spectra/FM/DOE1 AIT0161.00-10 Specturm/DOE1 AIT0161.00-10   Specturm/10-14-35/2026_7_20_14_46_21/AIT0161.00-10_AIT0161.08_A03-090_2026-7-20-14-46-21_Die47_C0_R-1_20260804101624541.sme,AIT0161.00-10,AIT0161.08,A03-090,2026-7-20-14-46-21,47,0,-1,-11.2354,-18.2178,20.525,0.999,0.9912,0,20,36.0148,56.7243,23.3884,22.114,15.062,18.607,29.551,56.724,63.79,43.769,25.69,7.191,0.241,19.36,23.388
C:/Users/JC1913/Desktop/JC/Jinhua/TD_N19EP_AASOC   EB/2.Spectra/FM/DOE1 AIT0161.00-10 Specturm/DOE1 AIT0161.00-10   Specturm/10-14-35/2026_7_20_14_46_21/AIT0161.00-10_AIT0161.08_A03-090_2026-7-20-14-46-21_Die48_C1_R-1_20260804101626639.sme,AIT0161.00-10,AIT0161.08,A03-090,2026-7-20-14-46-21,48,1,-1,14.3244,-18.2178,20.531,0.999,0.9912,1,16,36.5728,57.3413,23.4632,22.331,14.82,18.679,30,57.341,63.562,43.296,26.208,7.368,0.226,20.022,23.463
C:/Users/JC1913/Desktop/JC/Jinhua/TD_N19EP_AASOC   EB/2.Spectra/FM/DOE1 AIT0161.00-10 Specturm/DOE1 AIT0161.00-10   Specturm/10-14-35/2026_7_20_14_46_21/AIT0161.00-10_AIT0161.08_A03-090_2026-7-20-14-46-21_Die49_C2_R-1_20260804101628739.sme,AIT0161.00-10,AIT0161.08,A03-090,2026-7-20-14-46-21,49,2,-1,39.8841,-18.2178,20.675,0.999,0.9911,0,13,35.6848,56.6706,23.6555,21.776,14.946,18.574,29.289,56.671,63.037,43.845,25.56,6.829,0.245,19.194,23.655
C:/Users/JC1913/Desktop/JC/Jinhua/TD_N19EP_AASOC   EB/2.Spectra/FM/DOE1 AIT0161.00-10 Specturm/DOE1 AIT0161.00-10   Specturm/10-14-35/2026_7_20_14_46_21/AIT0161.00-10_AIT0161.08_A03-090_2026-7-20-14-46-21_Die50_C3_R-1_20260804101630839.sme,AIT0161.00-10,AIT0161.08,A03-090,2026-7-20-14-46-21,50,3,-1,65.4439,-18.2178,20.556,0.999,0.9912,0,20,37.3374,56.844,22.2228,20.731,16.023,16.501,25.333,56.844,63.317,45.472,23.338,0.149,0.321,20.326,22.223
C:/Users/JC1913/Desktop/JC/Jinhua/TD_N19EP_AASOC   EB/2.Spectra/FM/DOE1 AIT0161.00-10 Specturm/DOE1 AIT0161.00-10   Specturm/10-14-35/2026_7_20_14_46_21/AIT0161.00-10_AIT0161.08_A03-090_2026-7-20-14-46-21_Die51_C4_R-1_20260804101632939.sme,AIT0161.00-10,AIT0161.08,A03-090,2026-7-20-14-46-21,51,4,-1,91.0037,-18.2178,20.28,0.999,0.9913,1,20,39.1782,58.2957,21.8855,21.175,16.277,15.893,26.74,58.296,63.506,44.242,24.324,0,0.165,20.298,21.886
C:/Users/JC1913/Desktop/JC/Jinhua/TD_N19EP_AASOC   EB/2.Spectra/FM/DOE1 AIT0161.00-10 Specturm/DOE1 AIT0161.00-10   Specturm/10-14-35/2026_7_20_14_46_21/AIT0161.00-10_AIT0161.08_A03-090_2026-7-20-14-46-21_Die52_C5_R-1_20260804101635739.sme,AIT0161.00-10,AIT0161.08,A03-090,2026-7-20-14-46-21,52,5,-1,116.5635,-18.2178,20.058,0.999,0.9913,0,18,35.712,55.6206,22.579,20.329,15.301,16.501,27.66,55.621,61.897,44.657,24.217,0.438,0.212,21.059,22.579
C:/Users/JC1913/Desktop/JC/Jinhua/TD_N19EP_AASOC   EB/2.Spectra/FM/DOE1 AIT0161.00-10 Specturm/DOE1 AIT0161.00-10   Specturm/10-14-35/2026_7_20_14_46_21/AIT0161.00-10_AIT0161.08_A03-090_2026-7-20-14-46-21_Die53_C-4_R-2_20260804101637839.sme,AIT0161.00-10,AIT0161.08,A03-090,2026-7-20-14-46-21,53,-4,-2,-113.475,-47.42,20.371,0.999,0.9912,1,20,35.4764,54.3319,21.5194,19.716,15.963,16.287,30,54.332,61.699,45.514,21.996,0.127,0.15,22.995,21.519
C:/Users/JC1913/Desktop/JC/Jinhua/TD_N19EP_AASOC   EB/2.Spectra/FM/DOE1 AIT0161.00-10 Specturm/DOE1 AIT0161.00-10   Specturm/10-14-35/2026_7_20_14_46_21/AIT0161.00-10_AIT0161.08_A03-090_2026-7-20-14-46-21_Die54_C-3_R-2_20260804101639939.sme,AIT0161.00-10,AIT0161.08,A03-090,2026-7-20-14-46-21,54,-3,-2,-87.9148,-47.42,20.363,0.999,0.9912,1,20,39.3532,57.389,20.8087,21.153,16.31,16.104,27.735,57.389,63.375,44.635,23.848,0,0.15,22.481,20.809
C:/Users/JC1913/Desktop/JC/Jinhua/TD_N19EP_AASOC   EB/2.Spectra/FM/DOE1 AIT0161.00-10 Specturm/DOE1 AIT0161.00-10   Specturm/10-14-35/2026_7_20_14_46_21/AIT0161.00-10_AIT0161.08_A03-090_2026-7-20-14-46-21_Die55_C-2_R-2_20260804101642040.sme,AIT0161.00-10,AIT0161.08,A03-090,2026-7-20-14-46-21,55,-2,-2,-62.355,-47.42,20.493,0.999,0.9912,0,18,37.1889,57.4506,22.9737,20.178,15.752,17.049,28.174,57.451,63.459,44.155,24.511,2.175,0.224,19.887,22.974
C:/Users/JC1913/Desktop/JC/Jinhua/TD_N19EP_AASOC   EB/2.Spectra/FM/DOE1 AIT0161.00-10 Specturm/DOE1 AIT0161.00-10   Specturm/10-14-35/2026_7_20_14_46_21/AIT0161.00-10_AIT0161.08_A03-090_2026-7-20-14-46-21_Die56_C-1_R-2_20260804101644139.sme,AIT0161.00-10,AIT0161.08,A03-090,2026-7-20-14-46-21,56,-1,-2,-36.7952,-47.42,20.635,0.999,0.9912,1,14,35.8096,56.7869,23.6505,21.709,14.675,18.462,30,56.787,63.489,43.689,25.513,6.169,0.221,20.072,23.65
C:/Users/JC1913/Desktop/JC/Jinhua/TD_N19EP_AASOC   EB/2.Spectra/FM/DOE1 AIT0161.00-10 Specturm/DOE1 AIT0161.00-10   Specturm/10-14-35/2026_7_20_14_46_21/AIT0161.00-10_AIT0161.08_A03-090_2026-7-20-14-46-21_Die57_C0_R-2_20260804101646238.sme,AIT0161.00-10,AIT0161.08,A03-090,2026-7-20-14-46-21,57,0,-2,-11.2354,-47.42,20.561,0.999,0.9912,1,17,36.0136,56.7071,23.3724,21.905,14.822,18.551,30,56.707,63.77,43.848,25.375,6.718,0.215,19.891,23.372
C:/Users/JC1913/Desktop/JC/Jinhua/TD_N19EP_AASOC   EB/2.Spectra/FM/DOE1 AIT0161.00-10 Specturm/DOE1 AIT0161.00-10   Specturm/10-14-35/2026_7_20_14_46_21/AIT0161.00-10_AIT0161.08_A03-090_2026-7-20-14-46-21_Die58_C1_R-2_20260804101648338.sme,AIT0161.00-10,AIT0161.08,A03-090,2026-7-20-14-46-21,58,1,-2,14.3244,-47.42,20.607,0.999,0.9912,1,20,36.1027,56.9658,23.5446,22.029,14.642,18.622,30,56.966,63.595,43.541,25.916,6.966,0.212,20.023,23.545
C:/Users/JC1913/Desktop/JC/Jinhua/TD_N19EP_AASOC   EB/2.Spectra/FM/DOE1 AIT0161.00-10 Specturm/DOE1 AIT0161.00-10   Specturm/10-14-35/2026_7_20_14_46_21/AIT0161.00-10_AIT0161.08_A03-090_2026-7-20-14-46-21_Die59_C2_R-2_20260804101650438.sme,AIT0161.00-10,AIT0161.08,A03-090,2026-7-20-14-46-21,59,2,-2,39.8841,-47.42,20.699,0.999,0.9911,0,18,35.8075,56.8036,23.6693,21.328,14.856,18.4,29.41,56.804,63.269,44.047,25.042,6.107,0.239,19.483,23.669
C:/Users/JC1913/Desktop/JC/Jinhua/TD_N19EP_AASOC   EB/2.Spectra/FM/DOE1 AIT0161.00-10 Specturm/DOE1 AIT0161.00-10   Specturm/10-14-35/2026_7_20_14_46_21/AIT0161.00-10_AIT0161.08_A03-090_2026-7-20-14-46-21_Die60_C3_R-2_20260804101652539.sme,AIT0161.00-10,AIT0161.08,A03-090,2026-7-20-14-46-21,60,3,-2,65.4439,-47.42,20.484,0.999,0.9912,0,19,37.1623,57.5775,23.1265,20.033,15.878,16.847,27.71,57.578,63.396,44.258,24.431,1.668,0.233,19.846,23.127
C:/Users/JC1913/Desktop/JC/Jinhua/TD_N19EP_AASOC   EB/2.Spectra/FM/DOE1 AIT0161.00-10 Specturm/DOE1 AIT0161.00-10   Specturm/10-14-35/2026_7_20_14_46_21/AIT0161.00-10_AIT0161.08_A03-090_2026-7-20-14-46-21_Die61_C4_R-2_20260804101654638.sme,AIT0161.00-10,AIT0161.08,A03-090,2026-7-20-14-46-21,61,4,-2,91.0037,-47.42,20.468,0.999,0.9912,0,20,36.4029,56.8561,23.1431,20.143,14.858,17.428,28.823,56.856,62.797,44.298,24.458,3.049,0.229,20.233,23.143
C:/Users/JC1913/Desktop/JC/Jinhua/TD_N19EP_AASOC   EB/2.Spectra/FM/DOE1 AIT0161.00-10 Specturm/DOE1 AIT0161.00-10   Specturm/10-14-35/2026_7_20_14_46_21/AIT0161.00-10_AIT0161.08_A03-090_2026-7-20-14-46-21_Die62_C5_R-2_20260804101657439.sme,AIT0161.00-10,AIT0161.08,A03-090,2026-7-20-14-46-21,62,5,-2,116.5635,-47.42,19.337,0.999,0.9915,1,14,35.9202,55.6536,22.4097,20.37,15.245,16.281,29.871,55.654,61.465,44.473,23.515,0.021,0.15,23,22.41
C:/Users/JC1913/Desktop/JC/Jinhua/TD_N19EP_AASOC   EB/2.Spectra/FM/DOE1 AIT0161.00-10 Specturm/DOE1 AIT0161.00-10   Specturm/10-14-35/2026_7_20_14_46_21/AIT0161.00-10_AIT0161.08_A03-090_2026-7-20-14-46-21_Die63_C-3_R-3_20260804101659538.sme,AIT0161.00-10,AIT0161.08,A03-090,2026-7-20-14-46-21,63,-3,-3,-87.9148,-76.6222,20.293,0.999,0.9913,0,20,36.5373,55.9304,22.0868,20.027,15.199,16.793,28.111,55.93,62.447,44.618,23.988,1.222,0.207,20.897,22.087
C:/Users/JC1913/Desktop/JC/Jinhua/TD_N19EP_AASOC   EB/2.Spectra/FM/DOE1 AIT0161.00-10 Specturm/DOE1 AIT0161.00-10   Specturm/10-14-35/2026_7_20_14_46_21/AIT0161.00-10_AIT0161.08_A03-090_2026-7-20-14-46-21_Die64_C-2_R-3_20260804101701638.sme,AIT0161.00-10,AIT0161.08,A03-090,2026-7-20-14-46-21,64,-2,-3,-62.355,-76.6222,20.429,0.999,0.9912,0,18,37.8617,57.7819,22.6511,20.149,15.233,17.059,28.786,57.782,63.762,43.97,24.584,2.017,0.211,20.684,22.651
C:/Users/JC1913/Desktop/JC/Jinhua/TD_N19EP_AASOC   EB/2.Spectra/FM/DOE1 AIT0161.00-10 Specturm/DOE1 AIT0161.00-10   Specturm/10-14-35/2026_7_20_14_46_21/AIT0161.00-10_AIT0161.08_A03-090_2026-7-20-14-46-21_Die65_C-1_R-3_20260804101703738.sme,AIT0161.00-10,AIT0161.08,A03-090,2026-7-20-14-46-21,65,-1,-3,-36.7952,-76.6222,20.67,0.999,0.9911,1,16,36.5635,57.4926,23.6235,21.443,14.3,18.266,30,57.493,64.05,43.652,25.399,5.247,0.214,20.499,23.624
C:/Users/JC1913/Desktop/JC/Jinhua/TD_N19EP_AASOC   EB/2.Spectra/FM/DOE1 AIT0161.00-10 Specturm/DOE1 AIT0161.00-10   Specturm/10-14-35/2026_7_20_14_46_21/AIT0161.00-10_AIT0161.08_A03-090_2026-7-20-14-46-21_Die66_C0_R-3_20260804101705838.sme,AIT0161.00-10,AIT0161.08,A03-090,2026-7-20-14-46-21,66,0,-3,-11.2354,-76.6222,20.601,0.999,0.9912,0,17,36.2613,57.466,23.8906,21.44,14.46,18.286,29.876,57.466,63.809,43.598,25.568,5.532,0.222,20.151,23.891
C:/Users/JC1913/Desktop/JC/Jinhua/TD_N19EP_AASOC   EB/2.Spectra/FM/DOE1 AIT0161.00-10 Specturm/DOE1 AIT0161.00-10   Specturm/10-14-35/2026_7_20_14_46_21/AIT0161.00-10_AIT0161.08_A03-090_2026-7-20-14-46-21_Die67_C1_R-3_20260804101707938.sme,AIT0161.00-10,AIT0161.08,A03-090,2026-7-20-14-46-21,67,1,-3,14.3244,-76.6222,20.554,0.999,0.9912,0,20,37.0696,57.3937,23.0327,19.986,16.007,16.848,28.038,57.394,63.47,44.309,24.199,1.718,0.219,20.023,23.033
C:/Users/JC1913/Desktop/JC/Jinhua/TD_N19EP_AASOC   EB/2.Spectra/FM/DOE1 AIT0161.00-10 Specturm/DOE1 AIT0161.00-10   Specturm/10-14-35/2026_7_20_14_46_21/AIT0161.00-10_AIT0161.08_A03-090_2026-7-20-14-46-21_Die68_C2_R-3_20260804101710040.sme,AIT0161.00-10,AIT0161.08,A03-090,2026-7-20-14-46-21,68,2,-3,39.8841,-76.6222,20.678,0.999,0.9911,0,16,37.1779,58.2739,23.8077,20.879,14.629,17.952,29.123,58.274,63.853,43.675,25.327,4.696,0.246,19.849,23.808
C:/Users/JC1913/Desktop/JC/Jinhua/TD_N19EP_AASOC   EB/2.Spectra/FM/DOE1 AIT0161.00-10 Specturm/DOE1 AIT0161.00-10   Specturm/10-14-35/2026_7_20_14_46_21/AIT0161.00-10_AIT0161.08_A03-090_2026-7-20-14-46-21_Die69_C3_R-3_20260804101712138.sme,AIT0161.00-10,AIT0161.08,A03-090,2026-7-20-14-46-21,69,3,-3,65.4439,-76.6222,20.197,0.999,0.9913,1,20,38.7171,57.4937,21.5315,20.959,16.713,15.754,26.521,57.494,63.361,44.87,23.557,0,0.159,19.951,21.532
C:/Users/JC1913/Desktop/JC/Jinhua/TD_N19EP_AASOC   EB/2.Spectra/FM/DOE1 AIT0161.00-10 Specturm/DOE1 AIT0161.00-10   Specturm/10-14-35/2026_7_20_14_46_21/AIT0161.00-10_AIT0161.08_A03-090_2026-7-20-14-46-21_Die70_C4_R-3_20260804101714588.sme,AIT0161.00-10,AIT0161.08,A03-090,2026-7-20-14-46-21,70,4,-3,91.0037,-76.6222,19.99,0.999,0.9913,1,20,36.4387,56.0441,22.2964,20.428,15.483,16.347,27.568,56.044,62.474,44.649,24.259,0,0.201,21.583,22.296
C:/Users/JC1913/Desktop/JC/Jinhua/TD_N19EP_AASOC   EB/2.Spectra/FM/DOE1 AIT0161.00-10 Specturm/DOE1 AIT0161.00-10   Specturm/10-14-35/2026_7_20_14_46_21/AIT0161.00-10_AIT0161.08_A03-090_2026-7-20-14-46-21_Die71_C-2_R-4_20260804101716688.sme,AIT0161.00-10,AIT0161.08,A03-090,2026-7-20-14-46-21,71,-2,-4,-62.355,-105.824,20.258,0.999,0.9913,1,20,35.3997,54.3272,21.5893,20.451,15.927,16.182,27.838,54.327,62.117,45.279,23.163,0,0.161,21.161,21.589
C:/Users/JC1913/Desktop/JC/Jinhua/TD_N19EP_AASOC   EB/2.Spectra/FM/DOE1 AIT0161.00-10 Specturm/DOE1 AIT0161.00-10   Specturm/10-14-35/2026_7_20_14_46_21/AIT0161.00-10_AIT0161.08_A03-090_2026-7-20-14-46-21_Die72_C-1_R-4_20260804101718790.sme,AIT0161.00-10,AIT0161.08,A03-090,2026-7-20-14-46-21,72,-1,-4,-36.7952,-105.824,20.451,0.999,0.9912,0,20,35.4731,55.9287,23.1194,19.96,15.217,17.087,28.249,55.929,62.61,44.547,24.213,2.172,0.224,20.003,23.119
C:/Users/JC1913/Desktop/JC/Jinhua/TD_N19EP_AASOC   EB/2.Spectra/FM/DOE1 AIT0161.00-10 Specturm/DOE1 AIT0161.00-10   Specturm/10-14-35/2026_7_20_14_46_21/AIT0161.00-10_AIT0161.08_A03-090_2026-7-20-14-46-21_Die73_C0_R-4_20260804101720888.sme,AIT0161.00-10,AIT0161.08,A03-090,2026-7-20-14-46-21,73,0,-4,-11.2354,-105.824,20.327,0.999,0.9912,0,20,37.0882,57.1932,22.8143,19.902,15.475,16.764,28,57.193,63.346,44.279,24.291,1.223,0.216,20.542,22.814
C:/Users/JC1913/Desktop/JC/Jinhua/TD_N19EP_AASOC   EB/2.Spectra/FM/DOE1 AIT0161.00-10 Specturm/DOE1 AIT0161.00-10   Specturm/10-14-35/2026_7_20_14_46_21/AIT0161.00-10_AIT0161.08_A03-090_2026-7-20-14-46-21_Die74_C1_R-4_20260804101722987.sme,AIT0161.00-10,AIT0161.08,A03-090,2026-7-20-14-46-21,74,1,-4,14.3244,-105.824,20.573,0.999,0.9912,0,20,36.3938,57.3383,23.6341,20.187,14.74,17.592,28.637,57.338,63.301,44.12,24.696,3.507,0.247,19.936,23.634
C:/Users/JC1913/Desktop/JC/Jinhua/TD_N19EP_AASOC   EB/2.Spectra/FM/DOE1 AIT0161.00-10 Specturm/DOE1 AIT0161.00-10   Specturm/10-14-35/2026_7_20_14_46_21/AIT0161.00-10_AIT0161.08_A03-090_2026-7-20-14-46-21_Die75_C2_R-4_20260804101725088.sme,AIT0161.00-10,AIT0161.08,A03-090,2026-7-20-14-46-21,75,2,-4,39.8841,-105.824,20.433,0.999,0.9912,0,20,35.3155,55.9357,23.2795,19.96,15.224,17.026,28.41,55.936,62.932,44.474,24.387,1.958,0.217,20.434,23.279
C:/Users/JC1913/Desktop/JC/Jinhua/TD_N19EP_AASOC   EB/2.Spectra/FM/DOE1 AIT0161.00-10 Specturm/DOE1 AIT0161.00-10   Specturm/10-14-35/2026_7_20_14_46_21/AIT0161.00-10_AIT0161.08_A03-090_2026-7-20-14-46-21_Die76_C3_R-4_20260804101727537.sme,AIT0161.00-10,AIT0161.08,A03-090,2026-7-20-14-46-21,76,3,-4,65.4439,-105.824,20.058,0.999,0.9913,1,14,35.3572,54.9493,22.2526,20.406,15.701,16.248,27.571,54.949,62.109,45.034,23.818,0,0.184,21.109,22.253
C:/Users/JC1913/Desktop/JC/Jinhua/TD_N19EP_AASOC   EB/2.Spectra/FM/DOE1 AIT0161.00-10 Specturm/DOE1 AIT0161.00-10   Specturm/10-14-35/2026_7_20_14_46_21/AIT0161.00-10_AIT0161.08_A03-090_2026-7-20-14-46-21_Die77_C-1_R-5_20260804101729637.sme,AIT0161.00-10,AIT0161.08,A03-090,2026-7-20-14-46-21,77,-1,-5,-36.7952,-135.027,20.062,0.999,0.9913,1,20,35.8163,54.5476,21.4048,19.508,15.684,16.036,29.338,54.548,61.621,44.97,23.064,0,0.179,22.771,21.405
C:/Users/JC1913/Desktop/JC/Jinhua/TD_N19EP_AASOC   EB/2.Spectra/FM/DOE1 AIT0161.00-10 Specturm/DOE1 AIT0161.00-10   Specturm/10-14-35/2026_7_20_14_46_21/AIT0161.00-10_AIT0161.08_A03-090_2026-7-20-14-46-21_Die78_C0_R-5_20260804101732437.sme,AIT0161.00-10,AIT0161.08,A03-090,2026-7-20-14-46-21,78,0,-5,-11.2354,-135.027,20.738,0.999,0.9911,0,20,33.6333,54.1034,23.0821,19.823,14.697,17.315,28.727,54.103,61.877,44.726,24.111,3.399,0.231,18.984,23.082
C:/Users/JC1913/Desktop/JC/Jinhua/TD_N19EP_AASOC   EB/2.Spectra/FM/DOE1 AIT0161.00-10 Specturm/DOE1 AIT0161.00-10   Specturm/10-14-35/2026_7_20_14_46_21/AIT0161.00-10_AIT0161.08_A03-090_2026-7-20-14-46-21_Die79_C1_R-5_20260804101734537.sme,AIT0161.00-10,AIT0161.08,A03-090,2026-7-20-14-46-21,79,1,-5,14.3244,-135.027,20.258,0.999,0.9913,0,20,34.7084,54.304,22.2378,20.495,15.187,16.536,28.371,54.304,62.031,44.738,24.212,0.704,0.192,21.445,22.238
C:/Users/JC1913/Desktop/JC/Jinhua/TD_N19EP_AASOC   EB/2.Spectra/FM/DOE1 AIT0161.00-10 Specturm/DOE1 AIT0161.00-10   Specturm/10-14-35/2026_7_20_14_46_21/AIT0161.00-10_AIT0161.08_A03-090_2026-7-20-14-46-21_Die80_C2_R-5_20260804101738388.sme,AIT0161.00-10,AIT0161.08,A03-090,2026-7-20-14-46-21,80,2,-5,39.8841,-135.027,19.762,0.999,0.9914,1,20,37.0001,55.8263,21.5329,21.346,15.05,16.262,29.043,55.826,62.14,43.791,25.26,0,0.171,23,21.533
C:/Users/JC1913/Desktop/JC/Jinhua/TD_N19EP_AASOC   EB/2.Spectra/FM/DOE1 AIT0161.00-10 Specturm/DOE1 AIT0161.00-10   Specturm/10-14-35/2026_7_20_14_47_19/AIT0161.00-10_AIT0161.08_A03-090_2026-7-20-14-47-19_Die1_C-1_R4_20260804101740487.sme,AIT0161.00-10,AIT0161.08,A03-090,2026-7-20-14-47-19,1,-1,4,-36.7952,127.7933,20.498,0.999,0.9912,0,20,33.6182,54.3059,23.2992,20.119,14.857,16.913,29.987,54.306,61.952,44.704,23.344,2.282,0.175,20.606,23.299
C:/Users/JC1913/Desktop/JC/Jinhua/TD_N19EP_AASOC   EB/2.Spectra/FM/DOE1 AIT0161.00-10 Specturm/DOE1 AIT0161.00-10   Specturm/10-14-35/2026_7_20_14_47_19/AIT0161.00-10_AIT0161.08_A03-090_2026-7-20-14-47-19_Die2_C0_R4_20260804101742587.sme,AIT0161.00-10,AIT0161.08,A03-090,2026-7-20-14-47-19,2,0,4,-11.2354,127.7933,20.14,0.999,0.9913,0,20,34.9015,54.9844,22.7306,20.796,15.046,16.491,28.362,54.984,62.121,44.324,24.142,0.413,0.189,21.269,22.731
C:/Users/JC1913/Desktop/JC/Jinhua/TD_N19EP_AASOC   EB/2.Spectra/FM/DOE1 AIT0161.00-10 Specturm/DOE1 AIT0161.00-10   Specturm/10-14-35/2026_7_20_14_47_19/AIT0161.00-10_AIT0161.08_A03-090_2026-7-20-14-47-19_Die3_C1_R4_20260804101744687.sme,AIT0161.00-10,AIT0161.08,A03-090,2026-7-20-14-47-19,3,1,4,14.3244,127.7933,20.046,0.999,0.9913,1,18,34.7523,54.7031,22.5943,19.692,15.93,16.078,27.884,54.703,61.934,45.234,22.756,0,0.181,20.603,22.594
C:/Users/JC1913/Desktop/JC/Jinhua/TD_N19EP_AASOC   EB/2.Spectra/FM/DOE1 AIT0161.00-10 Specturm/DOE1 AIT0161.00-10   Specturm/10-14-35/2026_7_20_14_47_19/AIT0161.00-10_AIT0161.08_A03-090_2026-7-20-14-47-19_Die4_C2_R4_20260804101747137.sme,AIT0161.00-10,AIT0161.08,A03-090,2026-7-20-14-47-19,4,2,4,39.8841,127.7933,20.785,0.999,0.9911,1,20,33.6065,54.0937,23.0985,20.109,14.495,17.272,30,54.094,61.304,44.842,23.584,2.625,0.174,21.889,23.098
C:/Users/JC1913/Desktop/JC/Jinhua/TD_N19EP_AASOC   EB/2.Spectra/FM/DOE1 AIT0161.00-10 Specturm/DOE1 AIT0161.00-10   Specturm/10-14-35/2026_7_20_14_47_19/AIT0161.00-10_AIT0161.08_A03-090_2026-7-20-14-47-19_Die5_C-3_R3_20260804101749237.sme,AIT0161.00-10,AIT0161.08,A03-090,2026-7-20-14-47-19,5,-3,3,-87.9148,98.5911,20.576,0.999,0.9912,1,20,34.6231,54.4629,22.4796,20.481,14.9,16.604,30,54.463,61.654,44.564,23.58,1.572,0.15,22.125,22.48
C:/Users/JC1913/Desktop/JC/Jinhua/TD_N19EP_AASOC   EB/2.Spectra/FM/DOE1 AIT0161.00-10 Specturm/DOE1 AIT0161.00-10   Specturm/10-14-35/2026_7_20_14_47_19/AIT0161.00-10_AIT0161.08_A03-090_2026-7-20-14-47-19_Die6_C-2_R3_20260804101751337.sme,AIT0161.00-10,AIT0161.08,A03-090,2026-7-20-14-47-19,6,-2,3,-62.355,98.5911,20.094,0.999,0.9913,1,20,36.6237,55.9267,21.9991,20.457,15.55,16.35,28.006,55.927,62.951,44.524,23.977,0,0.184,21.779,21.999
C:/Users/JC1913/Desktop/JC/Jinhua/TD_N19EP_AASOC   EB/2.Spectra/FM/DOE1 AIT0161.00-10 Specturm/DOE1 AIT0161.00-10   Specturm/10-14-35/2026_7_20_14_47_19/AIT0161.00-10_AIT0161.08_A03-090_2026-7-20-14-47-19_Die7_C-1_R3_20260804101753437.sme,AIT0161.00-10,AIT0161.08,A03-090,2026-7-20-14-47-19,7,-1,3,-36.7952,98.5911,20.226,0.999,0.9913,0,20,37.4032,57.1648,22.4796,20.266,15.421,16.697,28.196,57.165,63.197,44.078,24.309,0.949,0.207,20.85,22.48
C:/Users/JC1913/Desktop/JC/Jinhua/TD_N19EP_AASOC   EB/2.Spectra/FM/DOE1 AIT0161.00-10 Specturm/DOE1 AIT0161.00-10   Specturm/10-14-35/2026_7_20_14_47_19/AIT0161.00-10_AIT0161.08_A03-090_2026-7-20-14-47-19_Die8_C0_R3_20260804101755537.sme,AIT0161.00-10,AIT0161.08,A03-090,2026-7-20-14-47-19,8,0,3,-11.2354,98.5911,20.278,0.999,0.9913,1,20,38.4236,57.7819,22.1051,20.422,16.055,16.293,27.577,57.782,63.722,44.313,23.927,0,0.185,21.05,22.105
C:/Users/JC1913/Desktop/JC/Jinhua/TD_N19EP_AASOC   EB/2.Spectra/FM/DOE1 AIT0161.00-10 Specturm/DOE1 AIT0161.00-10   Specturm/10-14-35/2026_7_20_14_47_19/AIT0161.00-10_AIT0161.08_A03-090_2026-7-20-14-47-19_Die9_C1_R3_20260804101757636.sme,AIT0161.00-10,AIT0161.08,A03-090,2026-7-20-14-47-19,9,1,3,14.3244,98.5911,20.2,0.999,0.9913,1,20,38.3981,57.5517,21.8997,20.213,16.822,15.802,26.192,57.552,63.567,44.905,23.128,0,0.18,18.766,21.9
C:/Users/JC1913/Desktop/JC/Jinhua/TD_N19EP_AASOC   EB/2.Spectra/FM/DOE1 AIT0161.00-10 Specturm/DOE1 AIT0161.00-10   Specturm/10-14-35/2026_7_20_14_47_19/AIT0161.00-10_AIT0161.08_A03-090_2026-7-20-14-47-19_Die10_C2_R3_20260804101759736.sme,AIT0161.00-10,AIT0161.08,A03-090,2026-7-20-14-47-19,10,2,3,39.8841,98.5911,20.21,0.999,0.9913,0,20,37.1198,57.0222,22.6125,20.227,15.594,16.566,28.358,57.022,63.269,44.293,24.012,0.66,0.188,20.916,22.612
C:/Users/JC1913/Desktop/JC/Jinhua/TD_N19EP_AASOC   EB/2.Spectra/FM/DOE1 AIT0161.00-10 Specturm/DOE1 AIT0161.00-10   Specturm/10-14-35/2026_7_20_14_47_19/AIT0161.00-10_AIT0161.08_A03-090_2026-7-20-14-47-19_Die11_C3_R3_20260804101801836.sme,AIT0161.00-10,AIT0161.08,A03-090,2026-7-20-14-47-19,11,3,3,65.4439,98.5911,20.097,0.999,0.9913,0,20,35.7892,55.8674,22.7508,20.455,15.14,16.618,28.096,55.867,62.339,44.399,24.284,0.665,0.204,20.993,22.751
C:/Users/JC1913/Desktop/JC/Jinhua/TD_N19EP_AASOC   EB/2.Spectra/FM/DOE1 AIT0161.00-10 Specturm/DOE1 AIT0161.00-10   Specturm/10-14-35/2026_7_20_14_47_19/AIT0161.00-10_AIT0161.08_A03-090_2026-7-20-14-47-19_Die12_C4_R3_20260804101804286.sme,AIT0161.00-10,AIT0161.08,A03-090,2026-7-20-14-47-19,12,4,3,91.0037,98.5911,20.33,0.999,0.9912,0,20,33.8657,53.4006,22.1534,19.135,15.729,16.114,27.022,53.401,61.614,45.834,22.381,0.36,0.249,18.901,22.153
C:/Users/JC1913/Desktop/JC/Jinhua/TD_N19EP_AASOC   EB/2.Spectra/FM/DOE1 AIT0161.00-10 Specturm/DOE1 AIT0161.00-10   Specturm/10-14-35/2026_7_20_14_47_19/AIT0161.00-10_AIT0161.08_A03-090_2026-7-20-14-47-19_Die13_C-4_R2_20260804101806386.sme,AIT0161.00-10,AIT0161.08,A03-090,2026-7-20-14-47-19,13,-4,2,-113.475,69.3889,20.273,0.999,0.9913,1,20,34.5301,53.7541,21.8612,20.11,15.575,16.292,30,53.754,60.963,45.173,22.745,0.458,0.15,22.62,21.861
C:/Users/JC1913/Desktop/JC/Jinhua/TD_N19EP_AASOC   EB/2.Spectra/FM/DOE1 AIT0161.00-10 Specturm/DOE1 AIT0161.00-10   Specturm/10-14-35/2026_7_20_14_47_19/AIT0161.00-10_AIT0161.08_A03-090_2026-7-20-14-47-19_Die14_C-3_R2_20260804101808486.sme,AIT0161.00-10,AIT0161.08,A03-090,2026-7-20-14-47-19,14,-3,2,-87.9148,69.3889,20.276,0.999,0.9913,1,20,37.0733,55.8379,21.4734,21.379,15.263,16.51,27.877,55.838,62.632,44.55,24.355,0,0.19,23,21.473
C:/Users/JC1913/Desktop/JC/Jinhua/TD_N19EP_AASOC   EB/2.Spectra/FM/DOE1 AIT0161.00-10 Specturm/DOE1 AIT0161.00-10   Specturm/10-14-35/2026_7_20_14_47_19/AIT0161.00-10_AIT0161.08_A03-090_2026-7-20-14-47-19_Die15_C-2_R2_20260804101810586.sme,AIT0161.00-10,AIT0161.08,A03-090,2026-7-20-14-47-19,15,-2,2,-62.355,69.3889,20.62,0.999,0.9912,0,20,37.1444,57.7312,23.2976,20.706,14.697,17.758,28.723,57.731,64.016,43.985,24.696,4.07,0.252,19.628,23.298
C:/Users/JC1913/Desktop/JC/Jinhua/TD_N19EP_AASOC   EB/2.Spectra/FM/DOE1 AIT0161.00-10 Specturm/DOE1 AIT0161.00-10   Specturm/10-14-35/2026_7_20_14_47_19/AIT0161.00-10_AIT0161.08_A03-090_2026-7-20-14-47-19_Die16_C-1_R2_20260804101812687.sme,AIT0161.00-10,AIT0161.08,A03-090,2026-7-20-14-47-19,16,-1,2,-36.7952,69.3889,20.634,0.999,0.9911,0,16,36.7349,57.8755,23.8398,21.269,14.615,18.026,29.327,57.875,63.879,43.581,25.313,4.775,0.24,20,23.84
C:/Users/JC1913/Desktop/JC/Jinhua/TD_N19EP_AASOC   EB/2.Spectra/FM/DOE1 AIT0161.00-10 Specturm/DOE1 AIT0161.00-10   Specturm/10-14-35/2026_7_20_14_47_19/AIT0161.00-10_AIT0161.08_A03-090_2026-7-20-14-47-19_Die17_C0_R2_20260804101814786.sme,AIT0161.00-10,AIT0161.08,A03-090,2026-7-20-14-47-19,17,0,2,-11.2354,69.3889,20.662,0.999,0.9911,0,17,36.5761,57.8223,23.941,21.505,14.592,18.316,28.988,57.822,63.657,43.637,25.51,5.833,0.251,19.213,23.941
C:/Users/JC1913/Desktop/JC/Jinhua/TD_N19EP_AASOC   EB/2.Spectra/FM/DOE1 AIT0161.00-10 Specturm/DOE1 AIT0161.00-10   Specturm/10-14-35/2026_7_20_14_47_19/AIT0161.00-10_AIT0161.08_A03-090_2026-7-20-14-47-19_Die18_C1_R2_20260804101816886.sme,AIT0161.00-10,AIT0161.08,A03-090,2026-7-20-14-47-19,18,1,2,14.3244,69.3889,20.591,0.999,0.9912,0,14,36.3857,57.833,24.1367,21.703,14.502,18.379,29.563,57.833,63.832,43.561,25.532,5.982,0.232,19.581,24.137
C:/Users/JC1913/Desktop/JC/Jinhua/TD_N19EP_AASOC   EB/2.Spectra/FM/DOE1 AIT0161.00-10 Specturm/DOE1 AIT0161.00-10   Specturm/10-14-35/2026_7_20_14_47_19/AIT0161.00-10_AIT0161.08_A03-090_2026-7-20-14-47-19_Die19_C2_R2_20260804101818986.sme,AIT0161.00-10,AIT0161.08,A03-090,2026-7-20-14-47-19,19,2,2,39.8841,69.3889,20.688,0.999,0.9911,0,17,36.8629,58.3321,24.1721,20.99,14.684,18.027,28.513,58.332,63.776,43.783,25.248,4.945,0.266,19.114,24.172
C:/Users/JC1913/Desktop/JC/Jinhua/TD_N19EP_AASOC   EB/2.Spectra/FM/DOE1 AIT0161.00-10 Specturm/DOE1 AIT0161.00-10   Specturm/10-14-35/2026_7_20_14_47_19/AIT0161.00-10_AIT0161.08_A03-090_2026-7-20-14-47-19_Die20_C3_R2_20260804101821093.sme,AIT0161.00-10,AIT0161.08,A03-090,2026-7-20-14-47-19,20,3,2,65.4439,69.3889,20.202,0.999,0.9913,1,20,38.2819,57.8268,22.2877,20.266,16.171,16.268,27.523,57.827,63.714,44.521,23.743,0,0.178,20.847,22.288
C:/Users/JC1913/Desktop/JC/Jinhua/TD_N19EP_AASOC   EB/2.Spectra/FM/DOE1 AIT0161.00-10 Specturm/DOE1 AIT0161.00-10   Specturm/10-14-35/2026_7_20_14_47_19/AIT0161.00-10_AIT0161.08_A03-090_2026-7-20-14-47-19_Die21_C4_R2_20260804101823186.sme,AIT0161.00-10,AIT0161.08,A03-090,2026-7-20-14-47-19,21,4,2,91.0037,69.3889,20.218,0.999,0.9913,0,20,35.6441,56.065,23.0895,20.218,15.085,16.789,28.282,56.065,62.246,44.412,24.141,1.232,0.213,20.874,23.09
C:/Users/JC1913/Desktop/JC/Jinhua/TD_N19EP_AASOC   EB/2.Spectra/FM/DOE1 AIT0161.00-10 Specturm/DOE1 AIT0161.00-10   Specturm/10-14-35/2026_7_20_14_47_19/AIT0161.00-10_AIT0161.08_A03-090_2026-7-20-14-47-19_Die22_C5_R2_20260804101825986.sme,AIT0161.00-10,AIT0161.08,A03-090,2026-7-20-14-47-19,22,5,2,116.5635,69.3889,20.288,0.999,0.9913,1,20,34.9291,54.4386,22.158,20.601,14.883,16.338,30,54.439,61.395,44.623,23.386,0.454,0.15,23,22.158
C:/Users/JC1913/Desktop/JC/Jinhua/TD_N19EP_AASOC   EB/2.Spectra/FM/DOE1 AIT0161.00-10 Specturm/DOE1 AIT0161.00-10   Specturm/10-14-35/2026_7_20_14_47_19/AIT0161.00-10_AIT0161.08_A03-090_2026-7-20-14-47-19_Die23_C-4_R1_20260804101828086.sme,AIT0161.00-10,AIT0161.08,A03-090,2026-7-20-14-47-19,23,-4,1,-113.475,40.1867,19.979,0.999,0.9913,1,17,36.2414,55.3551,21.7991,20.682,15.761,16.172,27.442,55.355,62.113,44.904,23.617,0,0.177,20.886,21.799
C:/Users/JC1913/Desktop/JC/Jinhua/TD_N19EP_AASOC   EB/2.Spectra/FM/DOE1 AIT0161.00-10 Specturm/DOE1 AIT0161.00-10   Specturm/10-14-35/2026_7_20_14_47_19/AIT0161.00-10_AIT0161.08_A03-090_2026-7-20-14-47-19_Die24_C-3_R1_20260804101830186.sme,AIT0161.00-10,AIT0161.08,A03-090,2026-7-20-14-47-19,24,-3,1,-87.9148,40.1867,20.517,0.999,0.9912,0,20,37.2284,57.7348,23.2195,20.552,14.782,17.601,28.672,57.735,63.555,43.864,24.936,3.564,0.243,19.979,23.219
C:/Users/JC1913/Desktop/JC/Jinhua/TD_N19EP_AASOC   EB/2.Spectra/FM/DOE1 AIT0161.00-10 Specturm/DOE1 AIT0161.00-10   Specturm/10-14-35/2026_7_20_14_47_19/AIT0161.00-10_AIT0161.08_A03-090_2026-7-20-14-47-19_Die25_C-2_R1_20260804101832286.sme,AIT0161.00-10,AIT0161.08,A03-090,2026-7-20-14-47-19,25,-2,1,-62.355,40.1867,20.58,0.999,0.9912,0,14,35.7163,57.117,24.0713,21.735,14.433,18.415,29.707,57.117,63.635,43.586,25.604,6.055,0.227,19.894,24.071
C:/Users/JC1913/Desktop/JC/Jinhua/TD_N19EP_AASOC   EB/2.Spectra/FM/DOE1 AIT0161.00-10 Specturm/DOE1 AIT0161.00-10   Specturm/10-14-35/2026_7_20_14_47_19/AIT0161.00-10_AIT0161.08_A03-090_2026-7-20-14-47-19_Die26_C-1_R1_20260804101834385.sme,AIT0161.00-10,AIT0161.08,A03-090,2026-7-20-14-47-19,26,-1,1,-36.7952,40.1867,20.553,0.999,0.9912,0,15,35.6133,56.6968,23.7512,22.044,14.659,18.581,29.811,56.697,63.252,43.568,25.842,6.588,0.229,19.805,23.751
C:/Users/JC1913/Desktop/JC/Jinhua/TD_N19EP_AASOC   EB/2.Spectra/FM/DOE1 AIT0161.00-10 Specturm/DOE1 AIT0161.00-10   Specturm/10-14-35/2026_7_20_14_47_19/AIT0161.00-10_AIT0161.08_A03-090_2026-7-20-14-47-19_Die27_C0_R1_20260804101836486.sme,AIT0161.00-10,AIT0161.08,A03-090,2026-7-20-14-47-19,27,0,1,-11.2354,40.1867,20.554,0.999,0.9912,1,12,36.1706,57.0126,23.5254,22.157,14.763,18.604,30,57.013,63.157,43.521,25.676,6.833,0.227,19.82,23.525
C:/Users/JC1913/Desktop/JC/Jinhua/TD_N19EP_AASOC   EB/2.Spectra/FM/DOE1 AIT0161.00-10 Specturm/DOE1 AIT0161.00-10   Specturm/10-14-35/2026_7_20_14_47_19/AIT0161.00-10_AIT0161.08_A03-090_2026-7-20-14-47-19_Die28_C1_R1_20260804101838586.sme,AIT0161.00-10,AIT0161.08,A03-090,2026-7-20-14-47-19,28,1,1,14.3244,40.1867,20.626,0.999,0.9912,0,17,35.6861,56.6294,23.613,21.696,15.063,18.508,28.773,56.629,62.726,44.015,25.331,6.683,0.263,18.616,23.613
C:/Users/JC1913/Desktop/JC/Jinhua/TD_N19EP_AASOC   EB/2.Spectra/FM/DOE1 AIT0161.00-10 Specturm/DOE1 AIT0161.00-10   Specturm/10-14-35/2026_7_20_14_47_19/AIT0161.00-10_AIT0161.08_A03-090_2026-7-20-14-47-19_Die29_C2_R1_20260804101840686.sme,AIT0161.00-10,AIT0161.08,A03-090,2026-7-20-14-47-19,29,2,1,39.8841,40.1867,20.621,0.999,0.9912,0,12,35.1189,56.4887,24.0236,21.408,14.989,18.457,28.136,56.489,62.687,44.265,25.157,6.412,0.276,18.115,24.024
C:/Users/JC1913/Desktop/JC/Jinhua/TD_N19EP_AASOC   EB/2.Spectra/FM/DOE1 AIT0161.00-10 Specturm/DOE1 AIT0161.00-10   Specturm/10-14-35/2026_7_20_14_47_19/AIT0161.00-10_AIT0161.08_A03-090_2026-7-20-14-47-19_Die30_C3_R1_20260804101842786.sme,AIT0161.00-10,AIT0161.08,A03-090,2026-7-20-14-47-19,30,3,1,65.4439,40.1867,20.642,0.999,0.9911,0,17,36.4187,57.6754,23.9471,20.344,15.404,17.323,27.922,57.675,63.315,44.109,24.641,2.887,0.258,19.476,23.947
C:/Users/JC1913/Desktop/JC/Jinhua/TD_N19EP_AASOC   EB/2.Spectra/FM/DOE1 AIT0161.00-10 Specturm/DOE1 AIT0161.00-10   Specturm/10-14-35/2026_7_20_14_47_19/AIT0161.00-10_AIT0161.08_A03-090_2026-7-20-14-47-19_Die31_C4_R1_20260804101844885.sme,AIT0161.00-10,AIT0161.08,A03-090,2026-7-20-14-47-19,31,4,1,91.0037,40.1867,20.535,0.999,0.9912,0,20,36.6221,57.4643,23.5383,20.219,14.831,17.499,27.823,57.464,63.229,44.286,24.425,3.346,0.266,19.203,23.538
C:/Users/JC1913/Desktop/JC/Jinhua/TD_N19EP_AASOC   EB/2.Spectra/FM/DOE1 AIT0161.00-10 Specturm/DOE1 AIT0161.00-10   Specturm/10-14-35/2026_7_20_14_47_19/AIT0161.00-10_AIT0161.08_A03-090_2026-7-20-14-47-19_Die32_C5_R1_20260804101847686.sme,AIT0161.00-10,AIT0161.08,A03-090,2026-7-20-14-47-19,32,5,1,116.5635,40.1867,20.187,0.999,0.9913,0,20,35.0147,54.8037,22.4398,20.426,15.146,16.472,28.222,54.804,61.85,44.732,23.925,0.422,0.18,21.325,22.44
C:/Users/JC1913/Desktop/JC/Jinhua/TD_N19EP_AASOC   EB/2.Spectra/FM/DOE1 AIT0161.00-10 Specturm/DOE1 AIT0161.00-10   Specturm/10-14-35/2026_7_20_14_47_19/AIT0161.00-10_AIT0161.08_A03-090_2026-7-20-14-47-19_Die33_C-4_R0_20260804101849786.sme,AIT0161.00-10,AIT0161.08,A03-090,2026-7-20-14-47-19,33,-4,0,-113.475,10.9845,20.101,0.999,0.9913,0,20,36.6238,55.845,21.9173,20.13,15.659,16.44,27.059,55.845,62.275,44.893,23.739,0.372,0.212,20.558,21.917
C:/Users/JC1913/Desktop/JC/Jinhua/TD_N19EP_AASOC   EB/2.Spectra/FM/DOE1 AIT0161.00-10 Specturm/DOE1 AIT0161.00-10   Specturm/10-14-35/2026_7_20_14_47_19/AIT0161.00-10_AIT0161.08_A03-090_2026-7-20-14-47-19_Die34_C-3_R0_20260804101851885.sme,AIT0161.00-10,AIT0161.08,A03-090,2026-7-20-14-47-19,34,-3,0,-87.9148,10.9845,20.582,0.999,0.9912,0,15,36.5616,57.3572,23.4901,20.885,14.648,17.957,28.966,57.357,63.638,43.902,25.129,4.502,0.237,19.799,23.49
C:/Users/JC1913/Desktop/JC/Jinhua/TD_N19EP_AASOC   EB/2.Spectra/FM/DOE1 AIT0161.00-10 Specturm/DOE1 AIT0161.00-10   Specturm/10-14-35/2026_7_20_14_47_19/AIT0161.00-10_AIT0161.08_A03-090_2026-7-20-14-47-19_Die35_C-2_R0_20260804101853985.sme,AIT0161.00-10,AIT0161.08,A03-090,2026-7-20-14-47-19,35,-2,0,-62.355,10.9845,20.654,0.999,0.9911,0,14,35.3605,56.3682,23.6683,21.384,14.903,18.415,28.458,56.368,62.912,44.235,25.034,6.268,0.262,18.615,23.668
C:/Users/JC1913/Desktop/JC/Jinhua/TD_N19EP_AASOC   EB/2.Spectra/FM/DOE1 AIT0161.00-10 Specturm/DOE1 AIT0161.00-10   Specturm/10-14-35/2026_7_20_14_47_19/AIT0161.00-10_AIT0161.08_A03-090_2026-7-20-14-47-19_Die36_C-1_R0_20260804101856085.sme,AIT0161.00-10,AIT0161.08,A03-090,2026-7-20-14-47-19,36,-1,0,-36.7952,10.9845,20.578,0.999,0.9912,1,16,35.8808,56.6822,23.4765,22.146,14.825,18.598,30,56.682,63.173,43.63,25.565,6.922,0.226,19.893,23.477
C:/Users/JC1913/Desktop/JC/Jinhua/TD_N19EP_AASOC   EB/2.Spectra/FM/DOE1 AIT0161.00-10 Specturm/DOE1 AIT0161.00-10   Specturm/10-14-35/2026_7_20_14_47_19/AIT0161.00-10_AIT0161.08_A03-090_2026-7-20-14-47-19_Die37_C0_R0_20260804101858185.sme,AIT0161.00-10,AIT0161.08,A03-090,2026-7-20-14-47-19,37,0,0,-11.2354,10.9845,20.45,0.999,0.9912,0,19,36.0753,56.889,23.4944,22.381,14.942,18.66,29.91,56.889,63.826,43.491,26.016,7.251,0.228,19.666,23.494
C:/Users/JC1913/Desktop/JC/Jinhua/TD_N19EP_AASOC   EB/2.Spectra/FM/DOE1 AIT0161.00-10 Specturm/DOE1 AIT0161.00-10   Specturm/10-14-35/2026_7_20_14_47_19/AIT0161.00-10_AIT0161.08_A03-090_2026-7-20-14-47-19_Die38_C1_R0_20260804101900285.sme,AIT0161.00-10,AIT0161.08,A03-090,2026-7-20-14-47-19,38,1,0,14.3244,10.9845,20.548,0.999,0.9912,1,13,36.8373,57.5587,23.4235,22.453,14.809,18.691,30,57.559,63.625,43.285,26.048,7.287,0.23,20.08,23.424
C:/Users/JC1913/Desktop/JC/Jinhua/TD_N19EP_AASOC   EB/2.Spectra/FM/DOE1 AIT0161.00-10 Specturm/DOE1 AIT0161.00-10   Specturm/10-14-35/2026_7_20_14_47_19/AIT0161.00-10_AIT0161.08_A03-090_2026-7-20-14-47-19_Die39_C2_R0_20260804101902385.sme,AIT0161.00-10,AIT0161.08,A03-090,2026-7-20-14-47-19,39,2,0,39.8841,10.9845,20.658,0.999,0.9911,0,16,35.8269,56.8893,23.7362,21.685,15.01,18.525,28.517,56.889,62.821,44.02,25.36,6.802,0.27,18.543,23.736
C:/Users/JC1913/Desktop/JC/Jinhua/TD_N19EP_AASOC   EB/2.Spectra/FM/DOE1 AIT0161.00-10 Specturm/DOE1 AIT0161.00-10   Specturm/10-14-35/2026_7_20_14_47_19/AIT0161.00-10_AIT0161.08_A03-090_2026-7-20-14-47-19_Die40_C3_R0_20260804101904485.sme,AIT0161.00-10,AIT0161.08,A03-090,2026-7-20-14-47-19,40,3,0,65.4439,10.9845,20.671,0.999,0.9911,0,20,36.4057,57.1942,23.4785,20.114,16.019,16.985,27.519,57.194,62.791,44.354,24.132,2.158,0.245,19.298,23.478
C:/Users/JC1913/Desktop/JC/Jinhua/TD_N19EP_AASOC   EB/2.Spectra/FM/DOE1 AIT0161.00-10 Specturm/DOE1 AIT0161.00-10   Specturm/10-14-35/2026_7_20_14_47_19/AIT0161.00-10_AIT0161.08_A03-090_2026-7-20-14-47-19_Die41_C4_R0_20260804101906585.sme,AIT0161.00-10,AIT0161.08,A03-090,2026-7-20-14-47-19,41,4,0,91.0037,10.9845,20.531,0.999,0.9912,0,18,36.1792,57.3989,23.9034,20.514,14.717,17.766,28.213,57.399,63.042,44.112,24.854,4.045,0.265,19.216,23.903
C:/Users/JC1913/Desktop/JC/Jinhua/TD_N19EP_AASOC   EB/2.Spectra/FM/DOE1 AIT0161.00-10 Specturm/DOE1 AIT0161.00-10   Specturm/10-14-35/2026_7_20_14_47_19/AIT0161.00-10_AIT0161.08_A03-090_2026-7-20-14-47-19_Die42_C5_R0_20260804101909035.sme,AIT0161.00-10,AIT0161.08,A03-090,2026-7-20-14-47-19,42,5,0,116.5635,10.9845,20.039,0.999,0.9913,1,20,36.0078,55.4773,22.1483,20.267,15.62,16.32,27.258,55.477,62.178,45.017,23.602,0,0.191,20.955,22.148
C:/Users/JC1913/Desktop/JC/Jinhua/TD_N19EP_AASOC   EB/2.Spectra/FM/DOE1 AIT0161.00-10 Specturm/DOE1 AIT0161.00-10   Specturm/10-14-35/2026_7_20_14_47_19/AIT0161.00-10_AIT0161.08_A03-090_2026-7-20-14-47-19_Die43_C-4_R-1_20260804101911135.sme,AIT0161.00-10,AIT0161.08,A03-090,2026-7-20-14-47-19,43,-4,-1,-113.475,-18.2178,20.12,0.999,0.9913,0,20,36.9755,55.9722,21.7027,20.017,15.523,16.482,27.437,55.972,62.215,44.913,23.708,0.263,0.201,21.041,21.703
C:/Users/JC1913/Desktop/JC/Jinhua/TD_N19EP_AASOC   EB/2.Spectra/FM/DOE1 AIT0161.00-10 Specturm/DOE1 AIT0161.00-10   Specturm/10-14-35/2026_7_20_14_47_19/AIT0161.00-10_AIT0161.08_A03-090_2026-7-20-14-47-19_Die44_C-3_R-1_20260804101913235.sme,AIT0161.00-10,AIT0161.08,A03-090,2026-7-20-14-47-19,44,-3,-1,-87.9148,-18.2178,20.592,0.999,0.9912,0,17,37.1746,57.6974,23.2344,20.471,14.849,17.82,28.135,57.697,63.576,44.159,24.833,4.26,0.266,19.008,23.234
C:/Users/JC1913/Desktop/JC/Jinhua/TD_N19EP_AASOC   EB/2.Spectra/FM/DOE1 AIT0161.00-10 Specturm/DOE1 AIT0161.00-10   Specturm/10-14-35/2026_7_20_14_47_19/AIT0161.00-10_AIT0161.08_A03-090_2026-7-20-14-47-19_Die45_C-2_R-1_20260804101915334.sme,AIT0161.00-10,AIT0161.08,A03-090,2026-7-20-14-47-19,45,-2,-1,-62.355,-18.2178,20.574,0.999,0.9912,0,14,35.6355,56.6123,23.6451,21.804,14.608,18.503,29.983,56.612,63.31,43.769,25.405,6.246,0.213,19.949,23.645
C:/Users/JC1913/Desktop/JC/Jinhua/TD_N19EP_AASOC   EB/2.Spectra/FM/DOE1 AIT0161.00-10 Specturm/DOE1 AIT0161.00-10   Specturm/10-14-35/2026_7_20_14_47_19/AIT0161.00-10_AIT0161.08_A03-090_2026-7-20-14-47-19_Die46_C-1_R-1_20260804101917435.sme,AIT0161.00-10,AIT0161.08,A03-090,2026-7-20-14-47-19,46,-1,-1,-36.7952,-18.2178,20.524,0.999,0.9912,1,20,35.7261,56.3945,23.3394,22.014,14.687,18.727,30,56.395,63.411,43.67,25.79,7.048,0.226,20.267,23.339
C:/Users/JC1913/Desktop/JC/Jinhua/TD_N19EP_AASOC   EB/2.Spectra/FM/DOE1 AIT0161.00-10 Specturm/DOE1 AIT0161.00-10   Specturm/10-14-35/2026_7_20_14_47_19/AIT0161.00-10_AIT0161.08_A03-090_2026-7-20-14-47-19_Die47_C0_R-1_20260804101919534.sme,AIT0161.00-10,AIT0161.08,A03-090,2026-7-20-14-47-19,47,0,-1,-11.2354,-18.2178,20.524,0.999,0.9912,0,20,36.0653,56.7483,23.3634,22.085,15.081,18.593,29.598,56.748,63.794,43.807,25.557,7.178,0.239,19.362,23.363
C:/Users/JC1913/Desktop/JC/Jinhua/TD_N19EP_AASOC   EB/2.Spectra/FM/DOE1 AIT0161.00-10 Specturm/DOE1 AIT0161.00-10   Specturm/10-14-35/2026_7_20_14_47_19/AIT0161.00-10_AIT0161.08_A03-090_2026-7-20-14-47-19_Die48_C1_R-1_20260804101921634.sme,AIT0161.00-10,AIT0161.08,A03-090,2026-7-20-14-47-19,48,1,-1,14.3244,-18.2178,20.556,0.999,0.9912,1,14,36.4953,57.2957,23.4929,22.19,14.955,18.616,30,57.296,63.576,43.451,25.86,7.276,0.228,19.768,23.493
C:/Users/JC1913/Desktop/JC/Jinhua/TD_N19EP_AASOC   EB/2.Spectra/FM/DOE1 AIT0161.00-10 Specturm/DOE1 AIT0161.00-10   Specturm/10-14-35/2026_7_20_14_47_19/AIT0161.00-10_AIT0161.08_A03-090_2026-7-20-14-47-19_Die49_C2_R-1_20260804101923734.sme,AIT0161.00-10,AIT0161.08,A03-090,2026-7-20-14-47-19,49,2,-1,39.8841,-18.2178,20.677,0.999,0.9911,0,15,35.7206,56.6973,23.6474,21.752,14.969,18.559,29.393,56.697,63.047,43.884,25.411,6.822,0.242,19.242,23.647
C:/Users/JC1913/Desktop/JC/Jinhua/TD_N19EP_AASOC   EB/2.Spectra/FM/DOE1 AIT0161.00-10 Specturm/DOE1 AIT0161.00-10   Specturm/10-14-35/2026_7_20_14_47_19/AIT0161.00-10_AIT0161.08_A03-090_2026-7-20-14-47-19_Die50_C3_R-1_20260804101925834.sme,AIT0161.00-10,AIT0161.08,A03-090,2026-7-20-14-47-19,50,3,-1,65.4439,-18.2178,20.602,0.999,0.9912,0,20,36.8088,57.259,23.1515,20.317,15.935,16.953,26.887,57.259,63.283,44.677,24.025,1.896,0.277,19.467,23.151
C:/Users/JC1913/Desktop/JC/Jinhua/TD_N19EP_AASOC   EB/2.Spectra/FM/DOE1 AIT0161.00-10 Specturm/DOE1 AIT0161.00-10   Specturm/10-14-35/2026_7_20_14_47_19/AIT0161.00-10_AIT0161.08_A03-090_2026-7-20-14-47-19_Die51_C4_R-1_20260804101927934.sme,AIT0161.00-10,AIT0161.08,A03-090,2026-7-20-14-47-19,51,4,-1,91.0037,-18.2178,20.249,0.999,0.9913,1,20,38.9789,58.2333,22.0167,20.774,15.948,16.175,27.078,58.233,63.509,44.189,24.36,0,0.193,20.999,22.017
C:/Users/JC1913/Desktop/JC/Jinhua/TD_N19EP_AASOC   EB/2.Spectra/FM/DOE1 AIT0161.00-10 Specturm/DOE1 AIT0161.00-10   Specturm/10-14-35/2026_7_20_14_47_19/AIT0161.00-10_AIT0161.08_A03-090_2026-7-20-14-47-19_Die52_C5_R-1_20260804101930734.sme,AIT0161.00-10,AIT0161.08,A03-090,2026-7-20-14-47-19,52,5,-1,116.5635,-18.2178,20.051,0.999,0.9913,0,20,35.8029,55.638,22.5082,20.274,15.353,16.469,27.634,55.638,61.901,44.726,24.067,0.34,0.208,21.09,22.508
C:/Users/JC1913/Desktop/JC/Jinhua/TD_N19EP_AASOC   EB/2.Spectra/FM/DOE1 AIT0161.00-10 Specturm/DOE1 AIT0161.00-10   Specturm/10-14-35/2026_7_20_14_47_19/AIT0161.00-10_AIT0161.08_A03-090_2026-7-20-14-47-19_Die53_C-4_R-2_20260804101932834.sme,AIT0161.00-10,AIT0161.08,A03-090,2026-7-20-14-47-19,53,-4,-2,-113.475,-47.42,20.423,0.999,0.9912,1,20,35.5328,54.396,21.5287,19.611,15.984,16.303,30,54.396,61.701,45.547,21.864,0.179,0.15,22.998,21.529
C:/Users/JC1913/Desktop/JC/Jinhua/TD_N19EP_AASOC   EB/2.Spectra/FM/DOE1 AIT0161.00-10 Specturm/DOE1 AIT0161.00-10   Specturm/10-14-35/2026_7_20_14_47_19/AIT0161.00-10_AIT0161.08_A03-090_2026-7-20-14-47-19_Die54_C-3_R-2_20260804101934934.sme,AIT0161.00-10,AIT0161.08,A03-090,2026-7-20-14-47-19,54,-3,-2,-87.9148,-47.42,20.223,0.999,0.9913,1,20,38.9277,57.4147,21.2479,20.336,16.073,16.287,27.587,57.415,63.371,44.586,23.769,0,0.17,21.234,21.248
C:/Users/JC1913/Desktop/JC/Jinhua/TD_N19EP_AASOC   EB/2.Spectra/FM/DOE1 AIT0161.00-10 Specturm/DOE1 AIT0161.00-10   Specturm/10-14-35/2026_7_20_14_47_19/AIT0161.00-10_AIT0161.08_A03-090_2026-7-20-14-47-19_Die55_C-2_R-2_20260804101937034.sme,AIT0161.00-10,AIT0161.08,A03-090,2026-7-20-14-47-19,55,-2,-2,-62.355,-47.42,20.558,0.999,0.9912,0,16,36.4929,57.3497,23.5493,21.166,14.603,18.211,29.214,57.35,63.434,43.858,25.264,5.335,0.237,19.538,23.549
C:/Users/JC1913/Desktop/JC/Jinhua/TD_N19EP_AASOC   EB/2.Spectra/FM/DOE1 AIT0161.00-10 Specturm/DOE1 AIT0161.00-10   Specturm/10-14-35/2026_7_20_14_47_19/AIT0161.00-10_AIT0161.08_A03-090_2026-7-20-14-47-19_Die56_C-1_R-2_20260804101939135.sme,AIT0161.00-10,AIT0161.08,A03-090,2026-7-20-14-47-19,56,-1,-2,-36.7952,-47.42,20.64,0.999,0.9912,1,13,35.8546,56.7903,23.6102,21.631,14.689,18.452,30,56.79,63.494,43.753,25.371,6.119,0.222,20.089,23.61
C:/Users/JC1913/Desktop/JC/Jinhua/TD_N19EP_AASOC   EB/2.Spectra/FM/DOE1 AIT0161.00-10 Specturm/DOE1 AIT0161.00-10   Specturm/10-14-35/2026_7_20_14_47_19/AIT0161.00-10_AIT0161.08_A03-090_2026-7-20-14-47-19_Die57_C0_R-2_20260804101941234.sme,AIT0161.00-10,AIT0161.08,A03-090,2026-7-20-14-47-19,57,0,-2,-11.2354,-47.42,20.672,0.999,0.9911,1,20,36.2559,56.7814,23.2113,21.682,14.566,18.668,30,56.781,63.762,43.727,25.619,6.087,0.229,21.358,23.211
C:/Users/JC1913/Desktop/JC/Jinhua/TD_N19EP_AASOC   EB/2.Spectra/FM/DOE1 AIT0161.00-10 Specturm/DOE1 AIT0161.00-10   Specturm/10-14-35/2026_7_20_14_47_19/AIT0161.00-10_AIT0161.08_A03-090_2026-7-20-14-47-19_Die58_C1_R-2_20260804101943334.sme,AIT0161.00-10,AIT0161.08,A03-090,2026-7-20-14-47-19,58,1,-2,14.3244,-47.42,20.69,0.999,0.9911,1,20,36.2158,57.0795,23.5483,22.157,14.55,18.623,30,57.079,63.593,43.459,25.971,7.011,0.208,20.152,23.548
C:/Users/JC1913/Desktop/JC/Jinhua/TD_N19EP_AASOC   EB/2.Spectra/FM/DOE1 AIT0161.00-10 Specturm/DOE1 AIT0161.00-10   Specturm/10-14-35/2026_7_20_14_47_19/AIT0161.00-10_AIT0161.08_A03-090_2026-7-20-14-47-19_Die59_C2_R-2_20260804101945434.sme,AIT0161.00-10,AIT0161.08,A03-090,2026-7-20-14-47-19,59,2,-2,39.8841,-47.42,20.697,0.999,0.9911,0,16,35.8568,56.8298,23.6475,21.384,14.816,18.431,29.48,56.83,63.265,44.028,25.033,6.235,0.235,19.483,23.648
C:/Users/JC1913/Desktop/JC/Jinhua/TD_N19EP_AASOC   EB/2.Spectra/FM/DOE1 AIT0161.00-10 Specturm/DOE1 AIT0161.00-10   Specturm/10-14-35/2026_7_20_14_47_19/AIT0161.00-10_AIT0161.08_A03-090_2026-7-20-14-47-19_Die60_C3_R-2_20260804101947534.sme,AIT0161.00-10,AIT0161.08,A03-090,2026-7-20-14-47-19,60,3,-2,65.4439,-47.42,20.441,0.999,0.9912,0,20,37.34,57.6055,22.9819,19.95,16.051,16.728,27.726,57.606,63.404,44.341,24.201,1.383,0.218,19.944,22.982
C:/Users/JC1913/Desktop/JC/Jinhua/TD_N19EP_AASOC   EB/2.Spectra/FM/DOE1 AIT0161.00-10 Specturm/DOE1 AIT0161.00-10   Specturm/10-14-35/2026_7_20_14_47_19/AIT0161.00-10_AIT0161.08_A03-090_2026-7-20-14-47-19_Die61_C4_R-2_20260804101949634.sme,AIT0161.00-10,AIT0161.08,A03-090,2026-7-20-14-47-19,61,4,-2,91.0037,-47.42,20.31,0.999,0.9912,0,16,36.7601,56.8568,22.7967,19.926,15.328,16.961,28.341,56.857,62.817,44.492,23.989,1.893,0.222,20.242,22.797
C:/Users/JC1913/Desktop/JC/Jinhua/TD_N19EP_AASOC   EB/2.Spectra/FM/DOE1 AIT0161.00-10 Specturm/DOE1 AIT0161.00-10   Specturm/10-14-35/2026_7_20_14_47_19/AIT0161.00-10_AIT0161.08_A03-090_2026-7-20-14-47-19_Die62_C5_R-2_20260804101952083.sme,AIT0161.00-10,AIT0161.08,A03-090,2026-7-20-14-47-19,62,5,-2,116.5635,-47.42,19.318,0.999,0.9915,1,15,35.9604,55.6799,22.3969,20.255,15.335,16.246,29.904,55.68,61.473,44.58,23.244,0.032,0.15,23,22.397
C:/Users/JC1913/Desktop/JC/Jinhua/TD_N19EP_AASOC   EB/2.Spectra/FM/DOE1 AIT0161.00-10 Specturm/DOE1 AIT0161.00-10   Specturm/10-14-35/2026_7_20_14_47_19/AIT0161.00-10_AIT0161.08_A03-090_2026-7-20-14-47-19_Die63_C-3_R-3_20260804101954183.sme,AIT0161.00-10,AIT0161.08,A03-090,2026-7-20-14-47-19,63,-3,-3,-87.9148,-76.6222,20.296,0.999,0.9913,0,20,36.6451,55.9564,22.008,19.957,15.223,16.774,28.158,55.956,62.451,44.672,23.851,1.162,0.202,21.028,22.008
C:/Users/JC1913/Desktop/JC/Jinhua/TD_N19EP_AASOC   EB/2.Spectra/FM/DOE1 AIT0161.00-10 Specturm/DOE1 AIT0161.00-10   Specturm/10-14-35/2026_7_20_14_47_19/AIT0161.00-10_AIT0161.08_A03-090_2026-7-20-14-47-19_Die64_C-2_R-3_20260804101956284.sme,AIT0161.00-10,AIT0161.08,A03-090,2026-7-20-14-47-19,64,-2,-3,-62.355,-76.6222,20.449,0.999,0.9912,0,18,37.8916,57.797,22.6372,20.098,15.27,17.044,28.855,57.797,63.769,44.026,24.417,1.994,0.207,20.684,22.637
C:/Users/JC1913/Desktop/JC/Jinhua/TD_N19EP_AASOC   EB/2.Spectra/FM/DOE1 AIT0161.00-10 Specturm/DOE1 AIT0161.00-10   Specturm/10-14-35/2026_7_20_14_47_19/AIT0161.00-10_AIT0161.08_A03-090_2026-7-20-14-47-19_Die65_C-1_R-3_20260804101958383.sme,AIT0161.00-10,AIT0161.08,A03-090,2026-7-20-14-47-19,65,-1,-3,-36.7952,-76.6222,20.657,0.999,0.9911,1,16,36.5798,57.5018,23.617,21.526,14.284,18.298,30,57.502,64.056,43.666,25.361,5.407,0.211,20.401,23.617
C:/Users/JC1913/Desktop/JC/Jinhua/TD_N19EP_AASOC   EB/2.Spectra/FM/DOE1 AIT0161.00-10 Specturm/DOE1 AIT0161.00-10   Specturm/10-14-35/2026_7_20_14_47_19/AIT0161.00-10_AIT0161.08_A03-090_2026-7-20-14-47-19_Die66_C0_R-3_20260804102000483.sme,AIT0161.00-10,AIT0161.08,A03-090,2026-7-20-14-47-19,66,0,-3,-11.2354,-76.6222,20.597,0.999,0.9912,1,15,36.287,57.5059,23.9055,21.446,14.457,18.29,30,57.506,63.828,43.598,25.478,5.556,0.217,20.219,23.906
C:/Users/JC1913/Desktop/JC/Jinhua/TD_N19EP_AASOC   EB/2.Spectra/FM/DOE1 AIT0161.00-10 Specturm/DOE1 AIT0161.00-10   Specturm/10-14-35/2026_7_20_14_47_19/AIT0161.00-10_AIT0161.08_A03-090_2026-7-20-14-47-19_Die67_C1_R-3_20260804102002583.sme,AIT0161.00-10,AIT0161.08,A03-090,2026-7-20-14-47-19,67,1,-3,14.3244,-76.6222,20.634,0.999,0.9911,0,19,36.7874,57.4173,23.3306,20.058,15.687,17.178,28.552,57.417,63.469,44.201,24.303,2.581,0.226,19.943,23.331
C:/Users/JC1913/Desktop/JC/Jinhua/TD_N19EP_AASOC   EB/2.Spectra/FM/DOE1 AIT0161.00-10 Specturm/DOE1 AIT0161.00-10   Specturm/10-14-35/2026_7_20_14_47_19/AIT0161.00-10_AIT0161.08_A03-090_2026-7-20-14-47-19_Die68_C2_R-3_20260804102004683.sme,AIT0161.00-10,AIT0161.08,A03-090,2026-7-20-14-47-19,68,2,-3,39.8841,-76.6222,20.7,0.999,0.9911,0,16,37.2064,58.2711,23.7773,20.865,14.644,17.948,29.146,58.271,63.859,43.728,25.199,4.698,0.244,19.844,23.777
C:/Users/JC1913/Desktop/JC/Jinhua/TD_N19EP_AASOC   EB/2.Spectra/FM/DOE1 AIT0161.00-10 Specturm/DOE1 AIT0161.00-10   Specturm/10-14-35/2026_7_20_14_47_19/AIT0161.00-10_AIT0161.08_A03-090_2026-7-20-14-47-19_Die69_C3_R-3_20260804102006783.sme,AIT0161.00-10,AIT0161.08,A03-090,2026-7-20-14-47-19,69,3,-3,65.4439,-76.6222,20.254,0.999,0.9913,1,20,38.5898,57.6212,21.7829,20.555,15.896,16.409,28.266,57.621,63.326,44.375,24.246,0,0.167,22.962,21.783
C:/Users/JC1913/Desktop/JC/Jinhua/TD_N19EP_AASOC   EB/2.Spectra/FM/DOE1 AIT0161.00-10 Specturm/DOE1 AIT0161.00-10   Specturm/10-14-35/2026_7_20_14_47_19/AIT0161.00-10_AIT0161.08_A03-090_2026-7-20-14-47-19_Die70_C4_R-3_20260804102009233.sme,AIT0161.00-10,AIT0161.08,A03-090,2026-7-20-14-47-19,70,4,-3,91.0037,-76.6222,19.971,0.999,0.9914,1,19,36.4409,56.0612,22.3113,20.374,15.516,16.321,27.601,56.061,62.484,44.677,24.107,0,0.199,21.414,22.311
C:/Users/JC1913/Desktop/JC/Jinhua/TD_N19EP_AASOC   EB/2.Spectra/FM/DOE1 AIT0161.00-10 Specturm/DOE1 AIT0161.00-10   Specturm/10-14-35/2026_7_20_14_47_19/AIT0161.00-10_AIT0161.08_A03-090_2026-7-20-14-47-19_Die71_C-2_R-4_20260804102011333.sme,AIT0161.00-10,AIT0161.08,A03-090,2026-7-20-14-47-19,71,-2,-4,-62.355,-105.824,20.312,0.999,0.9912,0,20,35.1534,54.5369,22.0383,20.205,15.601,16.429,28.548,54.537,62.098,44.99,23.36,0.477,0.154,21.015,22.038
C:/Users/JC1913/Desktop/JC/Jinhua/TD_N19EP_AASOC   EB/2.Spectra/FM/DOE1 AIT0161.00-10 Specturm/DOE1 AIT0161.00-10   Specturm/10-14-35/2026_7_20_14_47_19/AIT0161.00-10_AIT0161.08_A03-090_2026-7-20-14-47-19_Die72_C-1_R-4_20260804102013433.sme,AIT0161.00-10,AIT0161.08,A03-090,2026-7-20-14-47-19,72,-1,-4,-36.7952,-105.824,20.518,0.999,0.9912,0,18,35.374,56.0051,23.292,20.114,14.851,17.405,28.824,56.005,62.607,44.365,24.41,2.948,0.223,20.199,23.292
C:/Users/JC1913/Desktop/JC/Jinhua/TD_N19EP_AASOC   EB/2.Spectra/FM/DOE1 AIT0161.00-10 Specturm/DOE1 AIT0161.00-10   Specturm/10-14-35/2026_7_20_14_47_19/AIT0161.00-10_AIT0161.08_A03-090_2026-7-20-14-47-19_Die73_C0_R-4_20260804102015533.sme,AIT0161.00-10,AIT0161.08,A03-090,2026-7-20-14-47-19,73,0,-4,-11.2354,-105.824,20.393,0.999,0.9912,0,20,37.1178,57.268,22.8602,19.896,15.312,16.879,28.238,57.268,63.347,44.187,24.336,1.493,0.218,20.72,22.86
C:/Users/JC1913/Desktop/JC/Jinhua/TD_N19EP_AASOC   EB/2.Spectra/FM/DOE1 AIT0161.00-10 Specturm/DOE1 AIT0161.00-10   Specturm/10-14-35/2026_7_20_14_47_19/AIT0161.00-10_AIT0161.08_A03-090_2026-7-20-14-47-19_Die74_C1_R-4_20260804102017633.sme,AIT0161.00-10,AIT0161.08,A03-090,2026-7-20-14-47-19,74,1,-4,14.3244,-105.824,20.556,0.999,0.9912,0,18,36.492,57.3591,23.5596,20.164,14.768,17.548,28.635,57.359,63.303,44.131,24.611,3.372,0.244,20.008,23.56
C:/Users/JC1913/Desktop/JC/Jinhua/TD_N19EP_AASOC   EB/2.Spectra/FM/DOE1 AIT0161.00-10 Specturm/DOE1 AIT0161.00-10   Specturm/10-14-35/2026_7_20_14_47_19/AIT0161.00-10_AIT0161.08_A03-090_2026-7-20-14-47-19_Die75_C2_R-4_20260804102019733.sme,AIT0161.00-10,AIT0161.08,A03-090,2026-7-20-14-47-19,75,2,-4,39.8841,-105.824,20.398,0.999,0.9912,0,20,35.4293,55.9719,23.2051,19.917,15.281,16.974,28.453,55.972,62.938,44.513,24.234,1.839,0.209,20.482,23.205
C:/Users/JC1913/Desktop/JC/Jinhua/TD_N19EP_AASOC   EB/2.Spectra/FM/DOE1 AIT0161.00-10 Specturm/DOE1 AIT0161.00-10   Specturm/10-14-35/2026_7_20_14_47_19/AIT0161.00-10_AIT0161.08_A03-090_2026-7-20-14-47-19_Die76_C3_R-4_20260804102022183.sme,AIT0161.00-10,AIT0161.08,A03-090,2026-7-20-14-47-19,76,3,-4,65.4439,-105.824,20.056,0.999,0.9913,1,20,35.6171,55.0576,22.1083,20.02,15.744,16.197,27.493,55.058,62.109,45.082,23.658,0,0.181,21.063,22.108
C:/Users/JC1913/Desktop/JC/Jinhua/TD_N19EP_AASOC   EB/2.Spectra/FM/DOE1 AIT0161.00-10 Specturm/DOE1 AIT0161.00-10   Specturm/10-14-35/2026_7_20_14_47_19/AIT0161.00-10_AIT0161.08_A03-090_2026-7-20-14-47-19_Die77_C-1_R-5_20260804102024283.sme,AIT0161.00-10,AIT0161.08,A03-090,2026-7-20-14-47-19,77,-1,-5,-36.7952,-135.027,20.068,0.999,0.9913,1,20,35.9215,54.5784,21.3333,19.434,15.726,16.023,29.397,54.578,61.621,45.048,22.873,0,0.173,22.875,21.333
C:/Users/JC1913/Desktop/JC/Jinhua/TD_N19EP_AASOC   EB/2.Spectra/FM/DOE1 AIT0161.00-10 Specturm/DOE1 AIT0161.00-10   Specturm/10-14-35/2026_7_20_14_47_19/AIT0161.00-10_AIT0161.08_A03-090_2026-7-20-14-47-19_Die78_C0_R-5_20260804102026732.sme,AIT0161.00-10,AIT0161.08,A03-090,2026-7-20-14-47-19,78,0,-5,-11.2354,-135.027,20.583,0.999,0.9912,0,20,33.3954,53.981,23.191,19.567,15.05,17.027,28.828,53.981,61.921,45.175,23.347,2.707,0.237,19.446,23.191
C:/Users/JC1913/Desktop/JC/Jinhua/TD_N19EP_AASOC   EB/2.Spectra/FM/DOE1 AIT0161.00-10 Specturm/DOE1 AIT0161.00-10   Specturm/10-14-35/2026_7_20_14_47_19/AIT0161.00-10_AIT0161.08_A03-090_2026-7-20-14-47-19_Die79_C1_R-5_20260804102028833.sme,AIT0161.00-10,AIT0161.08,A03-090,2026-7-20-14-47-19,79,1,-5,14.3244,-135.027,20.228,0.999,0.9913,0,20,34.8291,54.3005,22.117,20.523,15.252,16.48,28.31,54.3,62.037,44.806,24.065,0.53,0.187,21.5,22.117
C:/Users/JC1913/Desktop/JC/Jinhua/TD_N19EP_AASOC   EB/2.Spectra/FM/DOE1 AIT0161.00-10 Specturm/DOE1 AIT0161.00-10   Specturm/10-14-35/2026_7_20_14_47_19/AIT0161.00-10_AIT0161.08_A03-090_2026-7-20-14-47-19_Die80_C2_R-5_20260804102028879.sme,AIT0161.00-10,AIT0161.08,A03-090,2026-7-20-14-47-19,80,2,-5,39.8841,-135.027,19.707,0.999,0.9914,1,20,36.9767,55.715,21.4443,20.859,15.471,16.033,28.176,55.715,62.173,44.399,24.45,0,0.189,22.344,21.444
C:/Users/JC1913/Desktop/JC/Jinhua/TD_N19EP_AASOC   EB/2.Spectra/FM/DOE2 AIT0161.00-11 Specturm/DOE2 AIT0161.00-11   Specturm/10-20-37/2026_7_20_14_46_21/AIT0161.00-11_AIT0161.08_A03-090_2026-7-20-14-46-21_Die1_C-1_R4_20260804102045982.sme,AIT0161.00-11,AIT0161.08,A03-090,2026-7-20-14-46-21,1,-1,4,-36.7952,127.7933,20.081,0.999,0.9913,0,20,48.5885,54.0774,8.5217,19.123,16.541,16.199,23.645,54.077,62.024,47.08,22.029,2.401,0.26,16.808,8.522
C:/Users/JC1913/Desktop/JC/Jinhua/TD_N19EP_AASOC   EB/2.Spectra/FM/DOE2 AIT0161.00-11 Specturm/DOE2 AIT0161.00-11   Specturm/10-20-37/2026_7_20_14_46_21/AIT0161.00-11_AIT0161.08_A03-090_2026-7-20-14-46-21_Die2_C0_R4_20260804102048083.sme,AIT0161.00-11,AIT0161.08,A03-090,2026-7-20-14-46-21,2,0,4,-11.2354,127.7933,21.362,0.999,0.991,0,20,46.9885,54.548,10.5473,27.386,13.192,18.337,28.543,54.548,62.002,41.571,29.074,4.212,0.15,20.547,10.547
C:/Users/JC1913/Desktop/JC/Jinhua/TD_N19EP_AASOC   EB/2.Spectra/FM/DOE2 AIT0161.00-11 Specturm/DOE2 AIT0161.00-11   Specturm/10-20-37/2026_7_20_14_46_21/AIT0161.00-11_AIT0161.08_A03-090_2026-7-20-14-46-21_Die3_C1_R4_20260804102051233.sme,AIT0161.00-11,AIT0161.08,A03-090,2026-7-20-14-46-21,3,1,4,14.3244,127.7933,20.531,0.999,0.9912,0,20,47.1717,54.1771,9.9983,25.039,14.903,16.668,28.206,54.177,61.59,44.429,24.493,1.016,0.15,19.424,9.998
C:/Users/JC1913/Desktop/JC/Jinhua/TD_N19EP_AASOC   EB/2.Spectra/FM/DOE2 AIT0161.00-11 Specturm/DOE2 AIT0161.00-11   Specturm/10-20-37/2026_7_20_14_46_21/AIT0161.00-11_AIT0161.08_A03-090_2026-7-20-14-46-21_Die4_C2_R4_20260804102054032.sme,AIT0161.00-11,AIT0161.08,A03-090,2026-7-20-14-46-21,4,2,4,39.8841,127.7933,25.268,0.999,0.9895,0,20,43.1558,50.9533,10.6774,21.52,16.977,16.85,17.186,50.953,61.229,45.703,26.32,2.323,0.464,7.522,10.677
C:/Users/JC1913/Desktop/JC/Jinhua/TD_N19EP_AASOC   EB/2.Spectra/FM/DOE2 AIT0161.00-11 Specturm/DOE2 AIT0161.00-11   Specturm/10-20-37/2026_7_20_14_46_21/AIT0161.00-11_AIT0161.08_A03-090_2026-7-20-14-46-21_Die5_C-3_R3_20260804102056832.sme,AIT0161.00-11,AIT0161.08,A03-090,2026-7-20-14-46-21,5,-3,3,-87.9148,98.5911,19.223,0.999,0.9916,0,20,48.1945,53.3612,8.1883,18.056,18.124,14.277,18.661,53.361,61.828,48.305,20.477,0.308,0.423,9.97,8.188
C:/Users/JC1913/Desktop/JC/Jinhua/TD_N19EP_AASOC   EB/2.Spectra/FM/DOE2 AIT0161.00-11 Specturm/DOE2 AIT0161.00-11   Specturm/10-20-37/2026_7_20_14_46_21/AIT0161.00-11_AIT0161.08_A03-090_2026-7-20-14-46-21_Die6_C-2_R3_20260804102059632.sme,AIT0161.00-11,AIT0161.08,A03-090,2026-7-20-14-46-21,6,-2,3,-62.355,98.5911,19.924,0.999,0.9914,0,20,48.6776,54.4835,8.8412,19.476,16.687,16.374,20.85,54.484,62.696,47.993,21.464,2.619,0.354,12.688,8.841
C:/Users/JC1913/Desktop/JC/Jinhua/TD_N19EP_AASOC   EB/2.Spectra/FM/DOE2 AIT0161.00-11 Specturm/DOE2 AIT0161.00-11   Specturm/10-20-37/2026_7_20_14_46_21/AIT0161.00-11_AIT0161.08_A03-090_2026-7-20-14-46-21_Die7_C-1_R3_20260804102102082.sme,AIT0161.00-11,AIT0161.08,A03-090,2026-7-20-14-46-21,7,-1,3,-36.7952,98.5911,22.382,0.999,0.9906,0,20,49.6251,56.9046,10.3414,27.959,13.199,18.343,28.604,56.905,63.742,42.354,28.056,4.31,0.15,18.44,10.341
C:/Users/JC1913/Desktop/JC/Jinhua/TD_N19EP_AASOC   EB/2.Spectra/FM/DOE2 AIT0161.00-11 Specturm/DOE2 AIT0161.00-11   Specturm/10-20-37/2026_7_20_14_46_21/AIT0161.00-11_AIT0161.08_A03-090_2026-7-20-14-46-21_Die8_C0_R3_20260804102104182.sme,AIT0161.00-11,AIT0161.08,A03-090,2026-7-20-14-46-21,8,0,3,-11.2354,98.5911,22.398,0.999,0.9906,0,20,49.6594,56.6377,10.0412,27.871,15.054,17.934,27.279,56.638,63.774,43.225,26.746,5.304,0.15,18.045,10.041
C:/Users/JC1913/Desktop/JC/Jinhua/TD_N19EP_AASOC   EB/2.Spectra/FM/DOE2 AIT0161.00-11 Specturm/DOE2 AIT0161.00-11   Specturm/10-20-37/2026_7_20_14_46_21/AIT0161.00-11_AIT0161.08_A03-090_2026-7-20-14-46-21_Die9_C1_R3_20260804102107682.sme,AIT0161.00-11,AIT0161.08,A03-090,2026-7-20-14-46-21,9,1,3,14.3244,98.5911,22.389,0.999,0.9906,0,20,49.7428,57.1265,10.449,27.962,13.381,18.307,28.553,57.126,63.667,42.174,28.376,4.535,0.15,18.46,10.449
C:/Users/JC1913/Desktop/JC/Jinhua/TD_N19EP_AASOC   EB/2.Spectra/FM/DOE2 AIT0161.00-11 Specturm/DOE2 AIT0161.00-11   Specturm/10-20-37/2026_7_20_14_46_21/AIT0161.00-11_AIT0161.08_A03-090_2026-7-20-14-46-21_Die10_C2_R3_20260804102111183.sme,AIT0161.00-11,AIT0161.08,A03-090,2026-7-20-14-46-21,10,2,3,39.8841,98.5911,27.296,0.999,0.9887,0,20,45.6374,54.37,11.6824,26.825,15.666,19.313,19.814,54.37,62.559,42.602,30.668,5.713,0.15,8.994,11.682
C:/Users/JC1913/Desktop/JC/Jinhua/TD_N19EP_AASOC   EB/2.Spectra/FM/DOE2 AIT0161.00-11 Specturm/DOE2 AIT0161.00-11   Specturm/10-20-37/2026_7_20_14_46_21/AIT0161.00-11_AIT0161.08_A03-090_2026-7-20-14-46-21_Die11_C3_R3_20260804102114339.sme,AIT0161.00-11,AIT0161.08,A03-090,2026-7-20-14-46-21,11,3,3,65.4439,98.5911,21.106,0.999,0.991,0,20,48.2009,55.0149,9.8359,27.188,14.516,17.657,28.495,55.015,62.116,43.804,25.895,4.068,0.15,20.618,9.836
C:/Users/JC1913/Desktop/JC/Jinhua/TD_N19EP_AASOC   EB/2.Spectra/FM/DOE2 AIT0161.00-11 Specturm/DOE2 AIT0161.00-11   Specturm/10-20-37/2026_7_20_14_46_21/AIT0161.00-11_AIT0161.08_A03-090_2026-7-20-14-46-21_Die12_C4_R3_20260804102116781.sme,AIT0161.00-11,AIT0161.08,A03-090,2026-7-20-14-46-21,12,4,3,91.0037,98.5911,39.633,0.997,0.9806,0,20,42.1936,51.5707,12.23,25.971,15.989,18.818,16.596,51.571,60.778,41.666,32.752,3.356,0.15,6.652,12.23
C:/Users/JC1913/Desktop/JC/Jinhua/TD_N19EP_AASOC   EB/2.Spectra/FM/DOE2 AIT0161.00-11 Specturm/DOE2 AIT0161.00-11   Specturm/10-20-37/2026_7_20_14_46_21/AIT0161.00-11_AIT0161.08_A03-090_2026-7-20-14-46-21_Die13_C-4_R2_20260804102120281.sme,AIT0161.00-11,AIT0161.08,A03-090,2026-7-20-14-46-21,13,-4,2,-113.475,69.3889,19.424,0.999,0.9915,0,18,47.0979,52.4814,8.3743,18.492,17.912,14.802,19.299,52.481,61.209,47.876,21.623,0.757,0.372,10.29,8.374
C:/Users/JC1913/Desktop/JC/Jinhua/TD_N19EP_AASOC   EB/2.Spectra/FM/DOE2 AIT0161.00-11 Specturm/DOE2 AIT0161.00-11   Specturm/10-20-37/2026_7_20_14_46_21/AIT0161.00-11_AIT0161.08_A03-090_2026-7-20-14-46-21_Die14_C-3_R2_20260804102123781.sme,AIT0161.00-11,AIT0161.08,A03-090,2026-7-20-14-46-21,14,-3,2,-87.9148,69.3889,22.594,0.999,0.9905,0,20,48.2734,55.8171,10.5676,27.965,12.425,18.785,29.922,55.817,62.972,42.653,26.714,3.444,0.15,19.629,10.568
C:/Users/JC1913/Desktop/JC/Jinhua/TD_N19EP_AASOC   EB/2.Spectra/FM/DOE2 AIT0161.00-11 Specturm/DOE2 AIT0161.00-11   Specturm/10-20-37/2026_7_20_14_46_21/AIT0161.00-11_AIT0161.08_A03-090_2026-7-20-14-46-21_Die15_C-2_R2_20260804102127284.sme,AIT0161.00-11,AIT0161.08,A03-090,2026-7-20-14-46-21,15,-2,2,-62.355,69.3889,20.416,0.999,0.9912,0,20,51.7382,56.8125,8.1957,18.962,18.343,14.545,18.647,56.812,64.236,47.933,20.592,0.359,0.443,11.701,8.196
C:/Users/JC1913/Desktop/JC/Jinhua/TD_N19EP_AASOC   EB/2.Spectra/FM/DOE2 AIT0161.00-11 Specturm/DOE2 AIT0161.00-11   Specturm/10-20-37/2026_7_20_14_46_21/AIT0161.00-11_AIT0161.08_A03-090_2026-7-20-14-46-21_Die16_C-1_R2_20260804102129381.sme,AIT0161.00-11,AIT0161.08,A03-090,2026-7-20-14-46-21,16,-1,2,-36.7952,69.3889,23.172,0.999,0.9903,0,20,50.6507,57.2197,9.6597,27.97,14.367,17.957,28.112,57.22,64.105,42.802,27.323,4.962,0.15,17.828,9.66
C:/Users/JC1913/Desktop/JC/Jinhua/TD_N19EP_AASOC   EB/2.Spectra/FM/DOE2 AIT0161.00-11 Specturm/DOE2 AIT0161.00-11   Specturm/10-20-37/2026_7_20_14_46_21/AIT0161.00-11_AIT0161.08_A03-090_2026-7-20-14-46-21_Die17_C0_R2_20260804102131481.sme,AIT0161.00-11,AIT0161.08,A03-090,2026-7-20-14-46-21,17,0,2,-11.2354,69.3889,23.109,0.999,0.9903,0,20,50.8964,57.4494,9.6508,27.974,14.591,17.831,28.407,57.449,64.062,42.401,27.916,4.917,0.15,18.426,9.651
C:/Users/JC1913/Desktop/JC/Jinhua/TD_N19EP_AASOC   EB/2.Spectra/FM/DOE2 AIT0161.00-11 Specturm/DOE2 AIT0161.00-11   Specturm/10-20-37/2026_7_20_14_46_21/AIT0161.00-11_AIT0161.08_A03-090_2026-7-20-14-46-21_Die18_C1_R2_20260804102134981.sme,AIT0161.00-11,AIT0161.08,A03-090,2026-7-20-14-46-21,18,1,2,14.3244,69.3889,23.074,0.999,0.9903,0,20,50.5671,57.466,9.9873,27.973,14.383,17.995,28.416,57.466,63.891,42.233,28.111,5.106,0.15,18.18,9.987
C:/Users/JC1913/Desktop/JC/Jinhua/TD_N19EP_AASOC   EB/2.Spectra/FM/DOE2 AIT0161.00-11 Specturm/DOE2 AIT0161.00-11   Specturm/10-20-37/2026_7_20_14_46_21/AIT0161.00-11_AIT0161.08_A03-090_2026-7-20-14-46-21_Die19_C2_R2_20260804102138481.sme,AIT0161.00-11,AIT0161.08,A03-090,2026-7-20-14-46-21,19,2,2,39.8841,69.3889,27.806,0.998,0.9884,0,20,46.5711,55.5387,11.9436,26.736,15.866,19.176,21.091,55.539,63.267,41.683,31.563,4.747,0.15,10.426,11.944
C:/Users/JC1913/Desktop/JC/Jinhua/TD_N19EP_AASOC   EB/2.Spectra/FM/DOE2 AIT0161.00-11 Specturm/DOE2 AIT0161.00-11   Specturm/10-20-37/2026_7_20_14_46_21/AIT0161.00-11_AIT0161.08_A03-090_2026-7-20-14-46-21_Die20_C3_R2_20260804102141981.sme,AIT0161.00-11,AIT0161.08,A03-090,2026-7-20-14-46-21,20,3,2,65.4439,69.3889,21.372,0.999,0.9909,0,20,54.7161,58.036,6.525,19.505,19.654,13.002,15.927,58.036,63.525,47.786,21.041,1.858,0.361,11.07,6.525
C:/Users/JC1913/Desktop/JC/Jinhua/TD_N19EP_AASOC   EB/2.Spectra/FM/DOE2 AIT0161.00-11 Specturm/DOE2 AIT0161.00-11   Specturm/10-20-37/2026_7_20_14_46_21/AIT0161.00-11_AIT0161.08_A03-090_2026-7-20-14-46-21_Die21_C4_R2_20260804102145131.sme,AIT0161.00-11,AIT0161.08,A03-090,2026-7-20-14-46-21,21,4,2,91.0037,69.3889,21.234,0.999,0.991,0,13,47.7121,55.1831,10.4791,24.959,15.448,17.799,24.194,55.183,62.263,43.993,26.403,4.641,0.15,15.044,10.479
C:/Users/JC1913/Desktop/JC/Jinhua/TD_N19EP_AASOC   EB/2.Spectra/FM/DOE2 AIT0161.00-11 Specturm/DOE2 AIT0161.00-11   Specturm/10-20-37/2026_7_20_14_46_21/AIT0161.00-11_AIT0161.08_A03-090_2026-7-20-14-46-21_Die22_C5_R2_20260804102147931.sme,AIT0161.00-11,AIT0161.08,A03-090,2026-7-20-14-46-21,22,5,2,116.5635,69.3889,20.091,0.999,0.9913,0,20,48.1231,53.7681,8.6646,22.662,15.059,16.378,29.023,53.768,61.617,45.112,23.855,0.273,0.15,22.823,8.665
C:/Users/JC1913/Desktop/JC/Jinhua/TD_N19EP_AASOC   EB/2.Spectra/FM/DOE2 AIT0161.00-11 Specturm/DOE2 AIT0161.00-11   Specturm/10-20-37/2026_7_20_14_46_21/AIT0161.00-11_AIT0161.08_A03-090_2026-7-20-14-46-21_Die23_C-4_R1_20260804102151430.sme,AIT0161.00-11,AIT0161.08,A03-090,2026-7-20-14-46-21,23,-4,1,-113.475,40.1867,21.861,0.999,0.9908,0,20,48.2499,55.0396,9.8129,24.687,13.719,17.917,29.895,55.04,62.465,43.099,25.927,4.262,0.15,21.768,9.813
C:/Users/JC1913/Desktop/JC/Jinhua/TD_N19EP_AASOC   EB/2.Spectra/FM/DOE2 AIT0161.00-11 Specturm/DOE2 AIT0161.00-11   Specturm/10-20-37/2026_7_20_14_46_21/AIT0161.00-11_AIT0161.08_A03-090_2026-7-20-14-46-21_Die24_C-3_R1_20260804102154931.sme,AIT0161.00-11,AIT0161.08,A03-090,2026-7-20-14-46-21,24,-3,1,-87.9148,40.1867,22.086,0.999,0.9907,1,20,50.3604,55.8918,8.614,20.164,16.095,16.57,18.5,55.892,64.322,49.139,20.276,0,0.652,20.348,8.614
C:/Users/JC1913/Desktop/JC/Jinhua/TD_N19EP_AASOC   EB/2.Spectra/FM/DOE2 AIT0161.00-11 Specturm/DOE2 AIT0161.00-11   Specturm/10-20-37/2026_7_20_14_46_21/AIT0161.00-11_AIT0161.08_A03-090_2026-7-20-14-46-21_Die25_C-2_R1_20260804102158080.sme,AIT0161.00-11,AIT0161.08,A03-090,2026-7-20-14-46-21,25,-2,1,-62.355,40.1867,23.071,0.999,0.9903,0,20,50.0904,57.097,10.0817,27.965,13.993,18.354,28.158,57.097,63.939,42.437,27.916,5.378,0.15,17.444,10.082
C:/Users/JC1913/Desktop/JC/Jinhua/TD_N19EP_AASOC   EB/2.Spectra/FM/DOE2 AIT0161.00-11 Specturm/DOE2 AIT0161.00-11   Specturm/10-20-37/2026_7_20_14_46_21/AIT0161.00-11_AIT0161.08_A03-090_2026-7-20-14-46-21_Die26_C-1_R1_20260804102200180.sme,AIT0161.00-11,AIT0161.08,A03-090,2026-7-20-14-46-21,26,-1,1,-36.7952,40.1867,23.037,0.999,0.9904,0,20,49.5506,56.6497,10.159,27.995,13.914,18.716,29.669,56.65,63.646,41.555,28.835,5.377,0.15,18.771,10.159
C:/Users/JC1913/Desktop/JC/Jinhua/TD_N19EP_AASOC   EB/2.Spectra/FM/DOE2 AIT0161.00-11 Specturm/DOE2 AIT0161.00-11   Specturm/10-20-37/2026_7_20_14_46_21/AIT0161.00-11_AIT0161.08_A03-090_2026-7-20-14-46-21_Die27_C0_R1_20260804102202280.sme,AIT0161.00-11,AIT0161.08,A03-090,2026-7-20-14-46-21,27,0,1,-11.2354,40.1867,22.529,0.999,0.9905,0,20,49.4062,55.0599,8.7095,20.751,16.131,19.847,19.239,55.06,63.393,48.917,20.525,5.368,0.687,15.229,8.71
C:/Users/JC1913/Desktop/JC/Jinhua/TD_N19EP_AASOC   EB/2.Spectra/FM/DOE2 AIT0161.00-11 Specturm/DOE2 AIT0161.00-11   Specturm/10-20-37/2026_7_20_14_46_21/AIT0161.00-11_AIT0161.08_A03-090_2026-7-20-14-46-21_Die28_C1_R1_20260804102205780.sme,AIT0161.00-11,AIT0161.08,A03-090,2026-7-20-14-46-21,28,1,1,14.3244,40.1867,22.025,0.999,0.9907,0,20,49.0188,54.8746,8.9006,20.582,16.202,19.624,19.38,54.875,63.157,48.814,20.784,5.517,0.679,14.346,8.901
C:/Users/JC1913/Desktop/JC/Jinhua/TD_N19EP_AASOC   EB/2.Spectra/FM/DOE2 AIT0161.00-11 Specturm/DOE2 AIT0161.00-11   Specturm/10-20-37/2026_7_20_14_46_21/AIT0161.00-11_AIT0161.08_A03-090_2026-7-20-14-46-21_Die29_C2_R1_20260804102209280.sme,AIT0161.00-11,AIT0161.08,A03-090,2026-7-20-14-46-21,29,2,1,39.8841,40.1867,24.401,0.999,0.9899,0,20,48.2638,55.0239,9.7837,27.493,15.432,19.114,26.723,55.024,62.59,41.787,29.722,5.931,0.15,18.545,9.784
C:/Users/JC1913/Desktop/JC/Jinhua/TD_N19EP_AASOC   EB/2.Spectra/FM/DOE2 AIT0161.00-11 Specturm/DOE2 AIT0161.00-11   Specturm/10-20-37/2026_7_20_14_46_21/AIT0161.00-11_AIT0161.08_A03-090_2026-7-20-14-46-21_Die30_C3_R1_20260804102212780.sme,AIT0161.00-11,AIT0161.08,A03-090,2026-7-20-14-46-21,30,3,1,65.4439,40.1867,31.025,0.998,0.9868,0,20,46.0675,54.951,11.8453,27.249,15.993,19.576,17.607,54.951,62.618,41.431,32.901,6.076,0.15,6.581,11.845
C:/Users/JC1913/Desktop/JC/Jinhua/TD_N19EP_AASOC   EB/2.Spectra/FM/DOE2 AIT0161.00-11 Specturm/DOE2 AIT0161.00-11   Specturm/10-20-37/2026_7_20_14_46_21/AIT0161.00-11_AIT0161.08_A03-090_2026-7-20-14-46-21_Die31_C4_R1_20260804102216280.sme,AIT0161.00-11,AIT0161.08,A03-090,2026-7-20-14-46-21,31,4,1,91.0037,40.1867,26.415,0.999,0.9891,0,20,46.9039,55.0813,11.1627,27.466,15.317,19.236,22.27,55.081,63.039,42.309,29.772,5.725,0.15,12.366,11.163
C:/Users/JC1913/Desktop/JC/Jinhua/TD_N19EP_AASOC   EB/2.Spectra/FM/DOE2 AIT0161.00-11 Specturm/DOE2 AIT0161.00-11   Specturm/10-20-37/2026_7_20_14_46_21/AIT0161.00-11_AIT0161.08_A03-090_2026-7-20-14-46-21_Die32_C5_R1_20260804102220130.sme,AIT0161.00-11,AIT0161.08,A03-090,2026-7-20-14-46-21,32,5,1,116.5635,40.1867,20.746,0.999,0.9911,0,20,48.688,54.738,9.0855,23.623,15.228,16.962,25.856,54.738,62.032,45.732,23.131,2.802,0.15,16.049,9.086
C:/Users/JC1913/Desktop/JC/Jinhua/TD_N19EP_AASOC   EB/2.Spectra/FM/DOE2 AIT0161.00-11 Specturm/DOE2 AIT0161.00-11   Specturm/10-20-37/2026_7_20_14_46_21/AIT0161.00-11_AIT0161.08_A03-090_2026-7-20-14-46-21_Die33_C-4_R0_20260804102223630.sme,AIT0161.00-11,AIT0161.08,A03-090,2026-7-20-14-46-21,33,-4,0,-113.475,10.9845,22.582,0.999,0.9905,0,20,47.8282,53.8233,9.0065,25.77,15.766,17.218,27.522,53.823,62.504,46.08,22.942,3.312,0.15,18.473,9.006
C:/Users/JC1913/Desktop/JC/Jinhua/TD_N19EP_AASOC   EB/2.Spectra/FM/DOE2 AIT0161.00-11 Specturm/DOE2 AIT0161.00-11   Specturm/10-20-37/2026_7_20_14_46_21/AIT0161.00-11_AIT0161.08_A03-090_2026-7-20-14-46-21_Die34_C-3_R0_20260804102227130.sme,AIT0161.00-11,AIT0161.08,A03-090,2026-7-20-14-46-21,34,-3,0,-87.9148,10.9845,21.971,0.999,0.9907,1,20,50.3208,55.521,8.2817,19.935,16.407,16.147,18.848,55.521,63.864,48.774,20.528,0,0.635,21.112,8.282
C:/Users/JC1913/Desktop/JC/Jinhua/TD_N19EP_AASOC   EB/2.Spectra/FM/DOE2 AIT0161.00-11 Specturm/DOE2 AIT0161.00-11   Specturm/10-20-37/2026_7_20_14_46_21/AIT0161.00-11_AIT0161.08_A03-090_2026-7-20-14-46-21_Die35_C-2_R0_20260804102230279.sme,AIT0161.00-11,AIT0161.08,A03-090,2026-7-20-14-46-21,35,-2,0,-62.355,10.9845,22.914,0.999,0.9904,0,20,49.1403,56.589,10.4969,27.996,13.438,18.958,29.201,56.589,63.369,42.041,28.197,5.276,0.15,17.509,10.497
C:/Users/JC1913/Desktop/JC/Jinhua/TD_N19EP_AASOC   EB/2.Spectra/FM/DOE2 AIT0161.00-11 Specturm/DOE2 AIT0161.00-11   Specturm/10-20-37/2026_7_20_14_46_21/AIT0161.00-11_AIT0161.08_A03-090_2026-7-20-14-46-21_Die36_C-1_R0_20260804102233429.sme,AIT0161.00-11,AIT0161.08,A03-090,2026-7-20-14-46-21,36,-1,0,-36.7952,10.9845,23.249,0.999,0.9903,0,20,49.8704,56.7197,9.9181,27.994,14.285,18.627,29.729,56.72,63.283,41.53,28.947,5.501,0.15,18.637,9.918
C:/Users/JC1913/Desktop/JC/Jinhua/TD_N19EP_AASOC   EB/2.Spectra/FM/DOE2 AIT0161.00-11 Specturm/DOE2 AIT0161.00-11   Specturm/10-20-37/2026_7_20_14_46_21/AIT0161.00-11_AIT0161.08_A03-090_2026-7-20-14-46-21_Die37_C0_R0_20260804102235529.sme,AIT0161.00-11,AIT0161.08,A03-090,2026-7-20-14-46-21,37,0,0,-11.2354,10.9845,23.89,0.999,0.9901,0,20,50.8694,57.1879,9.4154,27.971,15.262,18.087,29.476,57.188,63.966,41.745,28.651,5.583,0.15,19.172,9.415
C:/Users/JC1913/Desktop/JC/Jinhua/TD_N19EP_AASOC   EB/2.Spectra/FM/DOE2 AIT0161.00-11 Specturm/DOE2 AIT0161.00-11   Specturm/10-20-37/2026_7_20_14_46_21/AIT0161.00-11_AIT0161.08_A03-090_2026-7-20-14-46-21_Die38_C1_R0_20260804102239029.sme,AIT0161.00-11,AIT0161.08,A03-090,2026-7-20-14-46-21,38,1,0,14.3244,10.9845,21.75,0.999,0.9908,1,20,50.8609,55.8238,8.0596,20.538,17.201,16.627,19.856,55.824,63.734,48.578,20.597,0,0.588,20.071,8.06
C:/Users/JC1913/Desktop/JC/Jinhua/TD_N19EP_AASOC   EB/2.Spectra/FM/DOE2 AIT0161.00-11 Specturm/DOE2 AIT0161.00-11   Specturm/10-20-37/2026_7_20_14_46_21/AIT0161.00-11_AIT0161.08_A03-090_2026-7-20-14-46-21_Die39_C2_R0_20260804102242529.sme,AIT0161.00-11,AIT0161.08,A03-090,2026-7-20-14-46-21,39,2,0,39.8841,10.9845,21.504,0.999,0.9909,0,20,50.1931,55.2431,8.1279,24.623,16.469,18.066,27.513,55.243,63.082,45.973,23.164,6.953,0.15,18.267,8.128
C:/Users/JC1913/Desktop/JC/Jinhua/TD_N19EP_AASOC   EB/2.Spectra/FM/DOE2 AIT0161.00-11 Specturm/DOE2 AIT0161.00-11   Specturm/10-20-37/2026_7_20_14_46_21/AIT0161.00-11_AIT0161.08_A03-090_2026-7-20-14-46-21_Die40_C3_R0_20260804102246029.sme,AIT0161.00-11,AIT0161.08,A03-090,2026-7-20-14-46-21,40,3,0,65.4439,10.9845,21.559,0.999,0.9909,1,20,50.6877,55.4589,7.863,19.519,17.069,16.945,19.418,55.459,63.172,48.527,20.839,0,0.559,22.984,7.863
C:/Users/JC1913/Desktop/JC/Jinhua/TD_N19EP_AASOC   EB/2.Spectra/FM/DOE2 AIT0161.00-11 Specturm/DOE2 AIT0161.00-11   Specturm/10-20-37/2026_7_20_14_46_21/AIT0161.00-11_AIT0161.08_A03-090_2026-7-20-14-46-21_Die41_C4_R0_20260804102249529.sme,AIT0161.00-11,AIT0161.08,A03-090,2026-7-20-14-46-21,41,4,0,91.0037,10.9845,22.441,0.999,0.9906,0,20,49.7847,57.2313,10.513,27.967,13.37,18.267,28.436,57.231,63.825,41.91,28.362,4.502,0.15,18.558,10.513
C:/Users/JC1913/Desktop/JC/Jinhua/TD_N19EP_AASOC   EB/2.Spectra/FM/DOE2 AIT0161.00-11 Specturm/DOE2 AIT0161.00-11   Specturm/10-20-37/2026_7_20_14_46_21/AIT0161.00-11_AIT0161.08_A03-090_2026-7-20-14-46-21_Die42_C5_R0_20260804102253379.sme,AIT0161.00-11,AIT0161.08,A03-090,2026-7-20-14-46-21,42,5,0,116.5635,10.9845,22.195,0.999,0.9906,0,20,48.435,55.7218,10.3152,27.883,12.374,18.493,29.826,55.722,62.382,42.043,27.596,2.921,0.15,21.148,10.315
C:/Users/JC1913/Desktop/JC/Jinhua/TD_N19EP_AASOC   EB/2.Spectra/FM/DOE2 AIT0161.00-11 Specturm/DOE2 AIT0161.00-11   Specturm/10-20-37/2026_7_20_14_46_21/AIT0161.00-11_AIT0161.08_A03-090_2026-7-20-14-46-21_Die43_C-4_R-1_20260804102256879.sme,AIT0161.00-11,AIT0161.08,A03-090,2026-7-20-14-46-21,43,-4,-1,-113.475,-18.2178,23.147,0.999,0.9903,1,20,48.9534,55.708,9.7976,27.929,12.718,18.38,30,55.708,62.61,43.22,25.71,3.738,0.15,20.35,9.798
C:/Users/JC1913/Desktop/JC/Jinhua/TD_N19EP_AASOC   EB/2.Spectra/FM/DOE2 AIT0161.00-11 Specturm/DOE2 AIT0161.00-11   Specturm/10-20-37/2026_7_20_14_46_21/AIT0161.00-11_AIT0161.08_A03-090_2026-7-20-14-46-21_Die44_C-3_R-1_20260804102300379.sme,AIT0161.00-11,AIT0161.08,A03-090,2026-7-20-14-46-21,44,-3,-1,-87.9148,-18.2178,23.385,0.999,0.9902,0,20,50.5783,57.1523,9.6628,27.948,14.068,17.965,27.882,57.152,63.791,42.909,27.196,4.535,0.15,17.732,9.663
C:/Users/JC1913/Desktop/JC/Jinhua/TD_N19EP_AASOC   EB/2.Spectra/FM/DOE2 AIT0161.00-11 Specturm/DOE2 AIT0161.00-11   Specturm/10-20-37/2026_7_20_14_46_21/AIT0161.00-11_AIT0161.08_A03-090_2026-7-20-14-46-21_Die45_C-2_R-1_20260804102303878.sme,AIT0161.00-11,AIT0161.08,A03-090,2026-7-20-14-46-21,45,-2,-1,-62.355,-18.2178,22.268,0.999,0.9906,1,20,52.3759,55.8387,6.6021,20.492,17.244,15.703,19.173,55.839,63.239,48.116,21.664,0,0.513,22.029,6.602
C:/Users/JC1913/Desktop/JC/Jinhua/TD_N19EP_AASOC   EB/2.Spectra/FM/DOE2 AIT0161.00-11 Specturm/DOE2 AIT0161.00-11   Specturm/10-20-37/2026_7_20_14_46_21/AIT0161.00-11_AIT0161.08_A03-090_2026-7-20-14-46-21_Die46_C-1_R-1_20260804102305979.sme,AIT0161.00-11,AIT0161.08,A03-090,2026-7-20-14-46-21,46,-1,-1,-36.7952,-18.2178,21.773,0.999,0.9908,1,20,52.8818,55.5399,5.8116,19.907,17.18,16.764,20.639,55.54,62.948,47.931,20.844,1.501,0.533,23,5.812
C:/Users/JC1913/Desktop/JC/Jinhua/TD_N19EP_AASOC   EB/2.Spectra/FM/DOE2 AIT0161.00-11 Specturm/DOE2 AIT0161.00-11   Specturm/10-20-37/2026_7_20_14_46_21/AIT0161.00-11_AIT0161.08_A03-090_2026-7-20-14-46-21_Die47_C0_R-1_20260804102308078.sme,AIT0161.00-11,AIT0161.08,A03-090,2026-7-20-14-46-21,47,0,-1,-11.2354,-18.2178,22.707,0.999,0.9905,0,20,48.6034,54.6387,9.0686,21.211,16.166,19.919,19.832,54.639,63.804,47.74,22.068,5.939,0.683,14.993,9.069
C:/Users/JC1913/Desktop/JC/Jinhua/TD_N19EP_AASOC   EB/2.Spectra/FM/DOE2 AIT0161.00-11 Specturm/DOE2 AIT0161.00-11   Specturm/10-20-37/2026_7_20_14_46_21/AIT0161.00-11_AIT0161.08_A03-090_2026-7-20-14-46-21_Die48_C1_R-1_20260804102311578.sme,AIT0161.00-11,AIT0161.08,A03-090,2026-7-20-14-46-21,48,1,-1,14.3244,-18.2178,23.351,0.999,0.9902,0,20,50.5201,57.0168,9.5838,27.966,14.637,18.428,29.693,57.017,63.744,41.996,28.312,5.659,0.15,18.825,9.584
C:/Users/JC1913/Desktop/JC/Jinhua/TD_N19EP_AASOC   EB/2.Spectra/FM/DOE2 AIT0161.00-11 Specturm/DOE2 AIT0161.00-11   Specturm/10-20-37/2026_7_20_14_46_21/AIT0161.00-11_AIT0161.08_A03-090_2026-7-20-14-46-21_Die49_C2_R-1_20260804102315078.sme,AIT0161.00-11,AIT0161.08,A03-090,2026-7-20-14-46-21,49,2,-1,39.8841,-18.2178,24.242,0.999,0.9899,0,20,47.0361,53.8725,9.8255,27.983,15.921,19.668,26.253,53.872,63.358,42.978,28.76,6.141,0.15,18.792,9.825
C:/Users/JC1913/Desktop/JC/Jinhua/TD_N19EP_AASOC   EB/2.Spectra/FM/DOE2 AIT0161.00-11 Specturm/DOE2 AIT0161.00-11   Specturm/10-20-37/2026_7_20_14_46_21/AIT0161.00-11_AIT0161.08_A03-090_2026-7-20-14-46-21_Die50_C3_R-1_20260804102318578.sme,AIT0161.00-11,AIT0161.08,A03-090,2026-7-20-14-46-21,50,3,-1,65.4439,-18.2178,22.492,0.999,0.9906,0,20,49.0925,56.7439,10.6983,27.995,13.386,18.836,29.166,56.744,63.535,41.855,28.454,5.161,0.15,17.936,10.698
C:/Users/JC1913/Desktop/JC/Jinhua/TD_N19EP_AASOC   EB/2.Spectra/FM/DOE2 AIT0161.00-11 Specturm/DOE2 AIT0161.00-11   Specturm/10-20-37/2026_7_20_14_46_21/AIT0161.00-11_AIT0161.08_A03-090_2026-7-20-14-46-21_Die51_C4_R-1_20260804102322078.sme,AIT0161.00-11,AIT0161.08,A03-090,2026-7-20-14-46-21,51,4,-1,91.0037,-18.2178,22.966,0.999,0.9904,0,20,50.1235,57.0008,9.9532,27.963,13.786,18.168,27.993,57.001,63.802,42.792,27.317,4.644,0.15,17.545,9.953
C:/Users/JC1913/Desktop/JC/Jinhua/TD_N19EP_AASOC   EB/2.Spectra/FM/DOE2 AIT0161.00-11 Specturm/DOE2 AIT0161.00-11   Specturm/10-20-37/2026_7_20_14_46_21/AIT0161.00-11_AIT0161.08_A03-090_2026-7-20-14-46-21_Die52_C5_R-1_20260804102325928.sme,AIT0161.00-11,AIT0161.08,A03-090,2026-7-20-14-46-21,52,5,-1,116.5635,-18.2178,21.178,0.999,0.991,0,20,47.9038,54.6788,9.7885,26.157,14.258,18.073,26.086,54.679,62.392,43.157,27.999,4.686,0.15,18.182,9.788
C:/Users/JC1913/Desktop/JC/Jinhua/TD_N19EP_AASOC   EB/2.Spectra/FM/DOE2 AIT0161.00-11 Specturm/DOE2 AIT0161.00-11   Specturm/10-20-37/2026_7_20_14_46_21/AIT0161.00-11_AIT0161.08_A03-090_2026-7-20-14-46-21_Die53_C-4_R-2_20260804102329428.sme,AIT0161.00-11,AIT0161.08,A03-090,2026-7-20-14-46-21,53,-4,-2,-113.475,-47.42,21.219,0.999,0.991,0,20,50.4593,54.8229,7.449,22.844,14.306,17.528,27.713,54.823,61.771,45.566,23.484,3.838,0.15,21.693,7.449
C:/Users/JC1913/Desktop/JC/Jinhua/TD_N19EP_AASOC   EB/2.Spectra/FM/DOE2 AIT0161.00-11 Specturm/DOE2 AIT0161.00-11   Specturm/10-20-37/2026_7_20_14_46_21/AIT0161.00-11_AIT0161.08_A03-090_2026-7-20-14-46-21_Die54_C-3_R-2_20260804102332928.sme,AIT0161.00-11,AIT0161.08,A03-090,2026-7-20-14-46-21,54,-3,-2,-87.9148,-47.42,23.059,0.999,0.9903,0,20,49.6521,56.6755,10.0861,27.955,13.281,18.396,28.869,56.676,63.066,42.788,27.05,3.703,0.15,18.055,10.086
C:/Users/JC1913/Desktop/JC/Jinhua/TD_N19EP_AASOC   EB/2.Spectra/FM/DOE2 AIT0161.00-11 Specturm/DOE2 AIT0161.00-11   Specturm/10-20-37/2026_7_20_14_46_21/AIT0161.00-11_AIT0161.08_A03-090_2026-7-20-14-46-21_Die55_C-2_R-2_20260804102336078.sme,AIT0161.00-11,AIT0161.08,A03-090,2026-7-20-14-46-21,55,-2,-2,-62.355,-47.42,22.293,0.999,0.9906,1,20,52.6952,56.9324,7.3855,19.659,16.969,16.182,20.661,56.932,63.275,47.734,21.879,0,0.452,22.301,7.385
C:/Users/JC1913/Desktop/JC/Jinhua/TD_N19EP_AASOC   EB/2.Spectra/FM/DOE2 AIT0161.00-11 Specturm/DOE2 AIT0161.00-11   Specturm/10-20-37/2026_7_20_14_46_21/AIT0161.00-11_AIT0161.08_A03-090_2026-7-20-14-46-21_Die56_C-1_R-2_20260804102338527.sme,AIT0161.00-11,AIT0161.08,A03-090,2026-7-20-14-46-21,56,-1,-2,-36.7952,-47.42,22.93,0.999,0.9904,0,20,49.3986,56.6681,10.3251,27.991,13.877,18.635,29.309,56.668,63.08,41.686,28.864,5.007,0.15,18.142,10.325
C:/Users/JC1913/Desktop/JC/Jinhua/TD_N19EP_AASOC   EB/2.Spectra/FM/DOE2 AIT0161.00-11 Specturm/DOE2 AIT0161.00-11   Specturm/10-20-37/2026_7_20_14_46_21/AIT0161.00-11_AIT0161.08_A03-090_2026-7-20-14-46-21_Die57_C0_R-2_20260804102340628.sme,AIT0161.00-11,AIT0161.08,A03-090,2026-7-20-14-46-21,57,0,-2,-11.2354,-47.42,22.589,0.999,0.9905,0,20,48.295,54.859,9.5886,21.292,16.321,18.153,20.545,54.859,63.34,46.745,23.323,5.072,0.57,12.424,9.589
C:/Users/JC1913/Desktop/JC/Jinhua/TD_N19EP_AASOC   EB/2.Spectra/FM/DOE2 AIT0161.00-11 Specturm/DOE2 AIT0161.00-11   Specturm/10-20-37/2026_7_20_14_46_21/AIT0161.00-11_AIT0161.08_A03-090_2026-7-20-14-46-21_Die58_C1_R-2_20260804102344128.sme,AIT0161.00-11,AIT0161.08,A03-090,2026-7-20-14-46-21,58,1,-2,14.3244,-47.42,22.928,0.999,0.9904,1,20,49.4156,56.6757,10.3162,27.994,13.692,18.896,30,56.676,63.484,41.863,28.311,5.225,0.15,18.707,10.316
C:/Users/JC1913/Desktop/JC/Jinhua/TD_N19EP_AASOC   EB/2.Spectra/FM/DOE2 AIT0161.00-11 Specturm/DOE2 AIT0161.00-11   Specturm/10-20-37/2026_7_20_14_46_21/AIT0161.00-11_AIT0161.08_A03-090_2026-7-20-14-46-21_Die59_C2_R-2_20260804102347628.sme,AIT0161.00-11,AIT0161.08,A03-090,2026-7-20-14-46-21,59,2,-2,39.8841,-47.42,23.568,0.999,0.9902,0,20,47.3231,54.263,9.9371,23.414,18.138,17.262,21.938,54.263,63.238,44.511,27.206,2.454,0.221,15.558,9.937
C:/Users/JC1913/Desktop/JC/Jinhua/TD_N19EP_AASOC   EB/2.Spectra/FM/DOE2 AIT0161.00-11 Specturm/DOE2 AIT0161.00-11   Specturm/10-20-37/2026_7_20_14_46_21/AIT0161.00-11_AIT0161.08_A03-090_2026-7-20-14-46-21_Die60_C3_R-2_20260804102351127.sme,AIT0161.00-11,AIT0161.08,A03-090,2026-7-20-14-46-21,60,3,-2,65.4439,-47.42,27.049,0.999,0.9888,0,20,45.2245,53.9268,11.6403,27.683,15.32,19.52,21.436,53.927,63.293,42.471,30.459,5.714,0.15,10.85,11.64
C:/Users/JC1913/Desktop/JC/Jinhua/TD_N19EP_AASOC   EB/2.Spectra/FM/DOE2 AIT0161.00-11 Specturm/DOE2 AIT0161.00-11   Specturm/10-20-37/2026_7_20_14_46_21/AIT0161.00-11_AIT0161.08_A03-090_2026-7-20-14-46-21_Die61_C4_R-2_20260804102354627.sme,AIT0161.00-11,AIT0161.08,A03-090,2026-7-20-14-46-21,61,4,-2,91.0037,-47.42,26.614,0.999,0.989,0,20,46.1797,54.5707,11.3561,26.039,14.984,19.326,22.363,54.571,62.624,42.269,29.911,4.705,0.15,12.693,11.356
C:/Users/JC1913/Desktop/JC/Jinhua/TD_N19EP_AASOC   EB/2.Spectra/FM/DOE2 AIT0161.00-11 Specturm/DOE2 AIT0161.00-11   Specturm/10-20-37/2026_7_20_14_46_21/AIT0161.00-11_AIT0161.08_A03-090_2026-7-20-14-46-21_Die62_C5_R-2_20260804102358477.sme,AIT0161.00-11,AIT0161.08,A03-090,2026-7-20-14-46-21,62,5,-2,116.5635,-47.42,19.117,0.999,0.9916,0,10,48.3355,53.8319,8.522,18.182,18.348,14.695,18.604,53.832,61.969,48.043,21.049,1.532,0.335,9.15,8.522
C:/Users/JC1913/Desktop/JC/Jinhua/TD_N19EP_AASOC   EB/2.Spectra/FM/DOE2 AIT0161.00-11 Specturm/DOE2 AIT0161.00-11   Specturm/10-20-37/2026_7_20_14_46_21/AIT0161.00-11_AIT0161.08_A03-090_2026-7-20-14-46-21_Die63_C-3_R-3_20260804102401977.sme,AIT0161.00-11,AIT0161.08,A03-090,2026-7-20-14-46-21,63,-3,-3,-87.9148,-76.6222,22.737,0.999,0.9905,0,20,49.7044,55.0017,8.3614,25.577,15.555,16.804,27.579,55.002,62.49,45.286,23.482,2.881,0.15,19.362,8.361
C:/Users/JC1913/Desktop/JC/Jinhua/TD_N19EP_AASOC   EB/2.Spectra/FM/DOE2 AIT0161.00-11 Specturm/DOE2 AIT0161.00-11   Specturm/10-20-37/2026_7_20_14_46_21/AIT0161.00-11_AIT0161.08_A03-090_2026-7-20-14-46-21_Die64_C-2_R-3_20260804102405477.sme,AIT0161.00-11,AIT0161.08,A03-090,2026-7-20-14-46-21,64,-2,-3,-62.355,-76.6222,23.114,0.999,0.9903,0,20,50.2528,57.0856,9.9124,27.946,13.714,17.995,28.14,57.086,63.52,42.82,27.344,4.076,0.15,18.053,9.912
C:/Users/JC1913/Desktop/JC/Jinhua/TD_N19EP_AASOC   EB/2.Spectra/FM/DOE2 AIT0161.00-11 Specturm/DOE2 AIT0161.00-11   Specturm/10-20-37/2026_7_20_14_46_21/AIT0161.00-11_AIT0161.08_A03-090_2026-7-20-14-46-21_Die65_C-1_R-3_20260804102407577.sme,AIT0161.00-11,AIT0161.08,A03-090,2026-7-20-14-46-21,65,-1,-3,-36.7952,-76.6222,20.199,0.999,0.9913,0,17,52.4959,57.7769,8.4236,19.052,18.318,13.445,17.22,57.777,63.639,47.683,20.556,0.119,0.548,9.816,8.424
C:/Users/JC1913/Desktop/JC/Jinhua/TD_N19EP_AASOC   EB/2.Spectra/FM/DOE2 AIT0161.00-11 Specturm/DOE2 AIT0161.00-11   Specturm/10-20-37/2026_7_20_14_46_21/AIT0161.00-11_AIT0161.08_A03-090_2026-7-20-14-46-21_Die66_C0_R-3_20260804102409677.sme,AIT0161.00-11,AIT0161.08,A03-090,2026-7-20-14-46-21,66,0,-3,-11.2354,-76.6222,21.41,0.999,0.9909,0,20,50.0107,55.9161,8.9781,20.404,16.369,17.647,20.963,55.916,63.521,47.41,22.063,5.917,0.455,12.09,8.978
C:/Users/JC1913/Desktop/JC/Jinhua/TD_N19EP_AASOC   EB/2.Spectra/FM/DOE2 AIT0161.00-11 Specturm/DOE2 AIT0161.00-11   Specturm/10-20-37/2026_7_20_14_46_21/AIT0161.00-11_AIT0161.08_A03-090_2026-7-20-14-46-21_Die67_C1_R-3_20260804102413177.sme,AIT0161.00-11,AIT0161.08,A03-090,2026-7-20-14-46-21,67,1,-3,14.3244,-76.6222,20.743,0.999,0.9911,0,20,52.049,56.8336,7.9147,19.264,18.298,14.964,19.684,56.834,63.668,47.758,21.249,0.039,0.406,16.016,7.915
C:/Users/JC1913/Desktop/JC/Jinhua/TD_N19EP_AASOC   EB/2.Spectra/FM/DOE2 AIT0161.00-11 Specturm/DOE2 AIT0161.00-11   Specturm/10-20-37/2026_7_20_14_46_21/AIT0161.00-11_AIT0161.08_A03-090_2026-7-20-14-46-21_Die68_C2_R-3_20260804102416677.sme,AIT0161.00-11,AIT0161.08,A03-090,2026-7-20-14-46-21,68,2,-3,39.8841,-76.6222,24.302,0.999,0.9899,0,20,47.3032,54.84,10.5335,21.31,16.548,18.535,17.725,54.84,63.711,45.345,26.387,5.054,0.508,8.151,10.533
C:/Users/JC1913/Desktop/JC/Jinhua/TD_N19EP_AASOC   EB/2.Spectra/FM/DOE2 AIT0161.00-11 Specturm/DOE2 AIT0161.00-11   Specturm/10-20-37/2026_7_20_14_46_21/AIT0161.00-11_AIT0161.08_A03-090_2026-7-20-14-46-21_Die69_C3_R-3_20260804102420176.sme,AIT0161.00-11,AIT0161.08,A03-090,2026-7-20-14-46-21,69,3,-3,65.4439,-76.6222,34.79,0.998,0.9844,0,20,44.0918,54.3325,13.147,27.298,15.298,19.588,16.994,54.332,62.95,41.516,33.292,4.28,0.15,5.095,13.147
C:/Users/JC1913/Desktop/JC/Jinhua/TD_N19EP_AASOC   EB/2.Spectra/FM/DOE2 AIT0161.00-11 Specturm/DOE2 AIT0161.00-11   Specturm/10-20-37/2026_7_20_14_46_21/AIT0161.00-11_AIT0161.08_A03-090_2026-7-20-14-46-21_Die70_C4_R-3_20260804102424027.sme,AIT0161.00-11,AIT0161.08,A03-090,2026-7-20-14-46-21,70,4,-3,91.0037,-76.6222,21.627,0.999,0.9909,0,20,48.6315,55.246,9.6484,26.752,14.093,17.881,28.549,55.246,62.91,43.509,25.9,5.115,0.15,20.188,9.648
C:/Users/JC1913/Desktop/JC/Jinhua/TD_N19EP_AASOC   EB/2.Spectra/FM/DOE2 AIT0161.00-11 Specturm/DOE2 AIT0161.00-11   Specturm/10-20-37/2026_7_20_14_46_21/AIT0161.00-11_AIT0161.08_A03-090_2026-7-20-14-46-21_Die71_C-2_R-4_20260804102427176.sme,AIT0161.00-11,AIT0161.08,A03-090,2026-7-20-14-46-21,71,-2,-4,-62.355,-105.824,18.939,0.999,0.9917,1,20,48.7989,54.1987,8.4385,17.771,18.313,14.005,17.774,54.199,61.641,48.158,20.364,0,0.473,9.333,8.438
C:/Users/JC1913/Desktop/JC/Jinhua/TD_N19EP_AASOC   EB/2.Spectra/FM/DOE2 AIT0161.00-11 Specturm/DOE2 AIT0161.00-11   Specturm/10-20-37/2026_7_20_14_46_21/AIT0161.00-11_AIT0161.08_A03-090_2026-7-20-14-46-21_Die72_C-1_R-4_20260804102429276.sme,AIT0161.00-11,AIT0161.08,A03-090,2026-7-20-14-46-21,72,-1,-4,-36.7952,-105.824,19.805,0.999,0.9914,0,20,49.1387,55.225,9.1345,18.827,18.104,15.253,19.66,55.225,62.664,47.021,22.267,0.909,0.342,11.841,9.135
C:/Users/JC1913/Desktop/JC/Jinhua/TD_N19EP_AASOC   EB/2.Spectra/FM/DOE2 AIT0161.00-11 Specturm/DOE2 AIT0161.00-11   Specturm/10-20-37/2026_7_20_14_46_21/AIT0161.00-11_AIT0161.08_A03-090_2026-7-20-14-46-21_Die73_C0_R-4_20260804102431376.sme,AIT0161.00-11,AIT0161.08,A03-090,2026-7-20-14-46-21,73,0,-4,-11.2354,-105.824,19.822,0.999,0.9914,0,20,50.3127,56.3283,9.0968,19.014,18.201,14.921,19.298,56.328,63.278,47.254,21.631,0.665,0.365,11.537,9.097
C:/Users/JC1913/Desktop/JC/Jinhua/TD_N19EP_AASOC   EB/2.Spectra/FM/DOE2 AIT0161.00-11 Specturm/DOE2 AIT0161.00-11   Specturm/10-20-37/2026_7_20_14_46_21/AIT0161.00-11_AIT0161.08_A03-090_2026-7-20-14-46-21_Die74_C1_R-4_20260804102434876.sme,AIT0161.00-11,AIT0161.08,A03-090,2026-7-20-14-46-21,74,1,-4,14.3244,-105.824,22.192,0.999,0.9907,0,20,49.0347,56.6943,10.7049,27.952,13.291,18.171,28.411,56.694,63.366,42.493,27.734,3.911,0.15,18.212,10.705
C:/Users/JC1913/Desktop/JC/Jinhua/TD_N19EP_AASOC   EB/2.Spectra/FM/DOE2 AIT0161.00-11 Specturm/DOE2 AIT0161.00-11   Specturm/10-20-37/2026_7_20_14_46_21/AIT0161.00-11_AIT0161.08_A03-090_2026-7-20-14-46-21_Die75_C2_R-4_20260804102438376.sme,AIT0161.00-11,AIT0161.08,A03-090,2026-7-20-14-46-21,75,2,-4,39.8841,-105.824,34.034,0.998,0.9849,0,20,43.8509,53.5934,12.6419,26.515,15.439,19.737,17.742,53.593,62.094,41.943,32.247,4.757,0.15,8.584,12.642
C:/Users/JC1913/Desktop/JC/Jinhua/TD_N19EP_AASOC   EB/2.Spectra/FM/DOE2 AIT0161.00-11 Specturm/DOE2 AIT0161.00-11   Specturm/10-20-37/2026_7_20_14_46_21/AIT0161.00-11_AIT0161.08_A03-090_2026-7-20-14-46-21_Die76_C3_R-4_20260804102441176.sme,AIT0161.00-11,AIT0161.08,A03-090,2026-7-20-14-46-21,76,3,-4,65.4439,-105.824,24.948,0.999,0.9897,0,20,44.9587,53.6122,11.5842,26.907,14.457,18.55,22.805,53.612,61.959,42.176,29.481,3.492,0.15,12.236,11.584
C:/Users/JC1913/Desktop/JC/Jinhua/TD_N19EP_AASOC   EB/2.Spectra/FM/DOE2 AIT0161.00-11 Specturm/DOE2 AIT0161.00-11   Specturm/10-20-37/2026_7_20_14_46_21/AIT0161.00-11_AIT0161.08_A03-090_2026-7-20-14-46-21_Die77_C-1_R-5_20260804102443276.sme,AIT0161.00-11,AIT0161.08,A03-090,2026-7-20-14-46-21,77,-1,-5,-36.7952,-135.027,20.375,0.999,0.9913,0,20,48.5799,53.6786,8.1313,19.068,16.48,16.627,23.646,53.679,62.18,46.884,22.275,3.087,0.241,15.408,8.131
C:/Users/JC1913/Desktop/JC/Jinhua/TD_N19EP_AASOC   EB/2.Spectra/FM/DOE2 AIT0161.00-11 Specturm/DOE2 AIT0161.00-11   Specturm/10-20-37/2026_7_20_14_46_21/AIT0161.00-11_AIT0161.08_A03-090_2026-7-20-14-46-21_Die78_C0_R-5_20260804102445728.sme,AIT0161.00-11,AIT0161.08,A03-090,2026-7-20-14-46-21,78,0,-5,-11.2354,-135.027,20.298,0.999,0.9913,0,20,46.9221,53.7794,9.8432,23.881,14.854,16.775,29.217,53.779,61.828,43.923,25.554,0.607,0.15,22.662,9.843
C:/Users/JC1913/Desktop/JC/Jinhua/TD_N19EP_AASOC   EB/2.Spectra/FM/DOE2 AIT0161.00-11 Specturm/DOE2 AIT0161.00-11   Specturm/10-20-37/2026_7_20_14_46_21/AIT0161.00-11_AIT0161.08_A03-090_2026-7-20-14-46-21_Die79_C1_R-5_20260804102448526.sme,AIT0161.00-11,AIT0161.08,A03-090,2026-7-20-14-46-21,79,1,-5,14.3244,-135.027,19.395,0.999,0.9915,0,20,47.0901,53.1035,9.0041,19.075,17.569,15.465,20.76,53.104,61.919,46.917,22.723,1.262,0.279,12.313,9.004
C:/Users/JC1913/Desktop/JC/Jinhua/TD_N19EP_AASOC   EB/2.Spectra/FM/DOE2 AIT0161.00-11 Specturm/DOE2 AIT0161.00-11   Specturm/10-20-37/2026_7_20_14_46_21/AIT0161.00-11_AIT0161.08_A03-090_2026-7-20-14-46-21_Die80_C2_R-5_20260804102452377.sme,AIT0161.00-11,AIT0161.08,A03-090,2026-7-20-14-46-21,80,2,-5,39.8841,-135.027,26.323,0.999,0.9891,0,20,44.624,52.0762,10.3734,22.36,17.555,17.154,19.965,52.076,61.76,43.684,28.45,2.34,0.19,10.683,10.373
C:/Users/JC1913/Desktop/JC/Jinhua/TD_N19EP_AASOC   EB/2.Spectra/FM/DOE2 AIT0161.00-11 Specturm/DOE2 AIT0161.00-11   Specturm/10-20-37/2026_7_20_14_47_19/AIT0161.00-11_AIT0161.08_A03-090_2026-7-20-14-47-19_Die1_C-1_R4_20260804102454478.sme,AIT0161.00-11,AIT0161.08,A03-090,2026-7-20-14-47-19,1,-1,4,-36.7952,127.7933,19.904,0.999,0.9914,0,19,47.1496,54.0733,9.916,24.246,14.692,17.102,28.354,54.073,62.064,45.293,23.796,1.415,0.15,20.348,9.916
C:/Users/JC1913/Desktop/JC/Jinhua/TD_N19EP_AASOC   EB/2.Spectra/FM/DOE2 AIT0161.00-11 Specturm/DOE2 AIT0161.00-11   Specturm/10-20-37/2026_7_20_14_47_19/AIT0161.00-11_AIT0161.08_A03-090_2026-7-20-14-47-19_Die2_C0_R4_20260804102456576.sme,AIT0161.00-11,AIT0161.08,A03-090,2026-7-20-14-47-19,2,0,4,-11.2354,127.7933,21.177,0.999,0.991,0,20,47.2901,54.7077,10.4139,27.071,13.011,18.407,29.071,54.708,62,41.461,29.076,4.386,0.15,21.151,10.414
C:/Users/JC1913/Desktop/JC/Jinhua/TD_N19EP_AASOC   EB/2.Spectra/FM/DOE2 AIT0161.00-11 Specturm/DOE2 AIT0161.00-11   Specturm/10-20-37/2026_7_20_14_47_19/AIT0161.00-11_AIT0161.08_A03-090_2026-7-20-14-47-19_Die3_C1_R4_20260804102459726.sme,AIT0161.00-11,AIT0161.08,A03-090,2026-7-20-14-47-19,3,1,4,14.3244,127.7933,20.287,0.999,0.9913,0,20,47.1747,54.1744,9.9927,24.721,14.886,16.724,28.233,54.174,61.582,44.599,24.286,1.049,0.15,19.589,9.993
C:/Users/JC1913/Desktop/JC/Jinhua/TD_N19EP_AASOC   EB/2.Spectra/FM/DOE2 AIT0161.00-11 Specturm/DOE2 AIT0161.00-11   Specturm/10-20-37/2026_7_20_14_47_19/AIT0161.00-11_AIT0161.08_A03-090_2026-7-20-14-47-19_Die4_C2_R4_20260804102502876.sme,AIT0161.00-11,AIT0161.08,A03-090,2026-7-20-14-47-19,4,2,4,39.8841,127.7933,24.011,0.999,0.99,0,20,44.2708,51.7454,10.3859,20.87,16.674,16.969,20.281,51.745,61.233,45.058,26.325,2.234,0.312,11.38,10.386
C:/Users/JC1913/Desktop/JC/Jinhua/TD_N19EP_AASOC   EB/2.Spectra/FM/DOE2 AIT0161.00-11 Specturm/DOE2 AIT0161.00-11   Specturm/10-20-37/2026_7_20_14_47_19/AIT0161.00-11_AIT0161.08_A03-090_2026-7-20-14-47-19_Die5_C-3_R3_20260804102505675.sme,AIT0161.00-11,AIT0161.08,A03-090,2026-7-20-14-47-19,5,-3,3,-87.9148,98.5911,19.219,0.999,0.9916,0,16,48.2497,53.4182,8.1917,18.004,18.142,14.207,18.658,53.418,61.842,48.366,20.282,0.267,0.423,9.908,8.192
C:/Users/JC1913/Desktop/JC/Jinhua/TD_N19EP_AASOC   EB/2.Spectra/FM/DOE2 AIT0161.00-11 Specturm/DOE2 AIT0161.00-11   Specturm/10-20-37/2026_7_20_14_47_19/AIT0161.00-11_AIT0161.08_A03-090_2026-7-20-14-47-19_Die6_C-2_R3_20260804102508125.sme,AIT0161.00-11,AIT0161.08,A03-090,2026-7-20-14-47-19,6,-2,3,-62.355,98.5911,21.809,0.999,0.9908,1,20,48.5682,53.7563,8.2203,20.238,15.528,17.59,20.355,53.756,62.764,48.398,21.706,0,0.562,22.983,8.22
C:/Users/JC1913/Desktop/JC/Jinhua/TD_N19EP_AASOC   EB/2.Spectra/FM/DOE2 AIT0161.00-11 Specturm/DOE2 AIT0161.00-11   Specturm/10-20-37/2026_7_20_14_47_19/AIT0161.00-11_AIT0161.08_A03-090_2026-7-20-14-47-19_Die7_C-1_R3_20260804102510925.sme,AIT0161.00-11,AIT0161.08,A03-090,2026-7-20-14-47-19,7,-1,3,-36.7952,98.5911,22.263,0.999,0.9906,0,20,49.6026,56.9499,10.4086,27.959,13.107,18.374,28.75,56.95,63.746,42.239,28.178,4.286,0.15,18.62,10.409
C:/Users/JC1913/Desktop/JC/Jinhua/TD_N19EP_AASOC   EB/2.Spectra/FM/DOE2 AIT0161.00-11 Specturm/DOE2 AIT0161.00-11   Specturm/10-20-37/2026_7_20_14_47_19/AIT0161.00-11_AIT0161.08_A03-090_2026-7-20-14-47-19_Die8_C0_R3_20260804102513025.sme,AIT0161.00-11,AIT0161.08,A03-090,2026-7-20-14-47-19,8,0,3,-11.2354,98.5911,22.272,0.999,0.9906,0,20,49.9263,56.7258,9.8699,27.687,14.979,17.921,27.394,56.726,63.794,43.366,26.501,5.516,0.15,18.288,9.87
C:/Users/JC1913/Desktop/JC/Jinhua/TD_N19EP_AASOC   EB/2.Spectra/FM/DOE2 AIT0161.00-11 Specturm/DOE2 AIT0161.00-11   Specturm/10-20-37/2026_7_20_14_47_19/AIT0161.00-11_AIT0161.08_A03-090_2026-7-20-14-47-19_Die9_C1_R3_20260804102516525.sme,AIT0161.00-11,AIT0161.08,A03-090,2026-7-20-14-47-19,9,1,3,14.3244,98.5911,22.328,0.999,0.9906,0,20,49.7194,57.1571,10.5023,27.955,13.494,18.111,29.005,57.157,63.495,41.732,28.835,4.247,0.15,19.382,10.502
C:/Users/JC1913/Desktop/JC/Jinhua/TD_N19EP_AASOC   EB/2.Spectra/FM/DOE2 AIT0161.00-11 Specturm/DOE2 AIT0161.00-11   Specturm/10-20-37/2026_7_20_14_47_19/AIT0161.00-11_AIT0161.08_A03-090_2026-7-20-14-47-19_Die10_C2_R3_20260804102520025.sme,AIT0161.00-11,AIT0161.08,A03-090,2026-7-20-14-47-19,10,2,3,39.8841,98.5911,31.623,0.998,0.9865,0,20,45.0244,54.1862,12.0943,27.457,15.362,20.027,19.941,54.186,62.406,41.745,32.202,6.621,0.15,10.376,12.094
C:/Users/JC1913/Desktop/JC/Jinhua/TD_N19EP_AASOC   EB/2.Spectra/FM/DOE2 AIT0161.00-11 Specturm/DOE2 AIT0161.00-11   Specturm/10-20-37/2026_7_20_14_47_19/AIT0161.00-11_AIT0161.08_A03-090_2026-7-20-14-47-19_Die11_C3_R3_20260804102523175.sme,AIT0161.00-11,AIT0161.08,A03-090,2026-7-20-14-47-19,11,3,3,65.4439,98.5911,21.236,0.999,0.991,0,20,48.1308,55.6873,10.5765,27.012,14.219,17.417,27.648,55.687,62.108,42.087,28.324,2.847,0.15,19.271,10.576
C:/Users/JC1913/Desktop/JC/Jinhua/TD_N19EP_AASOC   EB/2.Spectra/FM/DOE2 AIT0161.00-11 Specturm/DOE2 AIT0161.00-11   Specturm/10-20-37/2026_7_20_14_47_19/AIT0161.00-11_AIT0161.08_A03-090_2026-7-20-14-47-19_Die12_C4_R3_20260804102525625.sme,AIT0161.00-11,AIT0161.08,A03-090,2026-7-20-14-47-19,12,4,3,91.0037,98.5911,35.945,0.997,0.9836,0,20,41.5997,51.8681,13.1046,22.548,16.201,18.906,17.717,51.868,60.977,42.384,31.061,3.083,0.181,6.206,13.105
C:/Users/JC1913/Desktop/JC/Jinhua/TD_N19EP_AASOC   EB/2.Spectra/FM/DOE2 AIT0161.00-11 Specturm/DOE2 AIT0161.00-11   Specturm/10-20-37/2026_7_20_14_47_19/AIT0161.00-11_AIT0161.08_A03-090_2026-7-20-14-47-19_Die13_C-4_R2_20260804102529125.sme,AIT0161.00-11,AIT0161.08,A03-090,2026-7-20-14-47-19,13,-4,2,-113.475,69.3889,19.359,0.999,0.9915,0,18,47.2804,52.5548,8.2704,18.398,17.954,14.673,19.157,52.555,61.225,48.073,21.241,0.637,0.38,10.192,8.27
C:/Users/JC1913/Desktop/JC/Jinhua/TD_N19EP_AASOC   EB/2.Spectra/FM/DOE2 AIT0161.00-11 Specturm/DOE2 AIT0161.00-11   Specturm/10-20-37/2026_7_20_14_47_19/AIT0161.00-11_AIT0161.08_A03-090_2026-7-20-14-47-19_Die14_C-3_R2_20260804102532625.sme,AIT0161.00-11,AIT0161.08,A03-090,2026-7-20-14-47-19,14,-3,2,-87.9148,69.3889,22.573,0.999,0.9905,0,20,48.2769,55.8466,10.5937,27.966,12.391,18.796,29.932,55.847,62.977,42.669,26.638,3.386,0.15,19.661,10.594
C:/Users/JC1913/Desktop/JC/Jinhua/TD_N19EP_AASOC   EB/2.Spectra/FM/DOE2 AIT0161.00-11 Specturm/DOE2 AIT0161.00-11   Specturm/10-20-37/2026_7_20_14_47_19/AIT0161.00-11_AIT0161.08_A03-090_2026-7-20-14-47-19_Die15_C-2_R2_20260804102536124.sme,AIT0161.00-11,AIT0161.08,A03-090,2026-7-20-14-47-19,15,-2,2,-62.355,69.3889,20.34,0.999,0.9912,0,19,51.7742,56.8614,8.2096,18.826,18.396,14.532,18.583,56.861,64.237,47.943,20.495,0.357,0.448,11.541,8.21
C:/Users/JC1913/Desktop/JC/Jinhua/TD_N19EP_AASOC   EB/2.Spectra/FM/DOE2 AIT0161.00-11 Specturm/DOE2 AIT0161.00-11   Specturm/10-20-37/2026_7_20_14_47_19/AIT0161.00-11_AIT0161.08_A03-090_2026-7-20-14-47-19_Die16_C-1_R2_20260804102538227.sme,AIT0161.00-11,AIT0161.08,A03-090,2026-7-20-14-47-19,16,-1,2,-36.7952,69.3889,23.154,0.999,0.9903,0,20,50.6596,57.2616,9.6931,27.973,14.272,18.009,28.114,57.262,64.094,42.758,27.401,5.024,0.15,17.773,9.693
C:/Users/JC1913/Desktop/JC/Jinhua/TD_N19EP_AASOC   EB/2.Spectra/FM/DOE2 AIT0161.00-11 Specturm/DOE2 AIT0161.00-11   Specturm/10-20-37/2026_7_20_14_47_19/AIT0161.00-11_AIT0161.08_A03-090_2026-7-20-14-47-19_Die17_C0_R2_20260804102540325.sme,AIT0161.00-11,AIT0161.08,A03-090,2026-7-20-14-47-19,17,0,2,-11.2354,69.3889,23.157,0.999,0.9903,0,20,50.8648,57.5796,9.8116,27.97,14.518,17.856,28.552,57.58,64.105,42.173,28.054,4.88,0.15,18.509,9.812
C:/Users/JC1913/Desktop/JC/Jinhua/TD_N19EP_AASOC   EB/2.Spectra/FM/DOE2 AIT0161.00-11 Specturm/DOE2 AIT0161.00-11   Specturm/10-20-37/2026_7_20_14_47_19/AIT0161.00-11_AIT0161.08_A03-090_2026-7-20-14-47-19_Die18_C1_R2_20260804102543824.sme,AIT0161.00-11,AIT0161.08,A03-090,2026-7-20-14-47-19,18,1,2,14.3244,69.3889,23.091,0.999,0.9903,0,20,50.6198,57.5489,10.019,27.957,14.375,17.976,28.47,57.549,63.918,42.132,28.147,5.105,0.15,18.283,10.019
C:/Users/JC1913/Desktop/JC/Jinhua/TD_N19EP_AASOC   EB/2.Spectra/FM/DOE2 AIT0161.00-11 Specturm/DOE2 AIT0161.00-11   Specturm/10-20-37/2026_7_20_14_47_19/AIT0161.00-11_AIT0161.08_A03-090_2026-7-20-14-47-19_Die19_C2_R2_20260804102547325.sme,AIT0161.00-11,AIT0161.08,A03-090,2026-7-20-14-47-19,19,2,2,39.8841,69.3889,21.696,0.999,0.9908,0,20,50.121,56.2466,9.2015,20.072,16.121,18.708,18.78,56.247,63.751,48.778,20.491,5.861,0.668,10.327,9.202
C:/Users/JC1913/Desktop/JC/Jinhua/TD_N19EP_AASOC   EB/2.Spectra/FM/DOE2 AIT0161.00-11 Specturm/DOE2 AIT0161.00-11   Specturm/10-20-37/2026_7_20_14_47_19/AIT0161.00-11_AIT0161.08_A03-090_2026-7-20-14-47-19_Die20_C3_R2_20260804102550824.sme,AIT0161.00-11,AIT0161.08,A03-090,2026-7-20-14-47-19,20,3,2,65.4439,69.3889,22.33,0.999,0.9906,1,20,56.0791,57.9325,5.0969,20.377,17.331,14.55,16.408,57.933,63.552,47.116,21.48,0.42,0.552,23,5.097
C:/Users/JC1913/Desktop/JC/Jinhua/TD_N19EP_AASOC   EB/2.Spectra/FM/DOE2 AIT0161.00-11 Specturm/DOE2 AIT0161.00-11   Specturm/10-20-37/2026_7_20_14_47_19/AIT0161.00-11_AIT0161.08_A03-090_2026-7-20-14-47-19_Die21_C4_R2_20260804102553977.sme,AIT0161.00-11,AIT0161.08,A03-090,2026-7-20-14-47-19,21,4,2,91.0037,69.3889,23.759,0.999,0.9901,0,10,46.6729,55.0603,11.3662,26.488,14.188,18.973,22.721,55.06,62.083,42.038,29.711,3.986,0.15,13.112,11.366
C:/Users/JC1913/Desktop/JC/Jinhua/TD_N19EP_AASOC   EB/2.Spectra/FM/DOE2 AIT0161.00-11 Specturm/DOE2 AIT0161.00-11   Specturm/10-20-37/2026_7_20_14_47_19/AIT0161.00-11_AIT0161.08_A03-090_2026-7-20-14-47-19_Die22_C5_R2_20260804102556774.sme,AIT0161.00-11,AIT0161.08,A03-090,2026-7-20-14-47-19,22,5,2,116.5635,69.3889,21.709,0.999,0.9908,0,20,47.7645,53.7143,8.9594,25.365,15.275,16.109,29.996,53.714,61.767,43.254,25.912,1.855,0.15,22.964,8.959
C:/Users/JC1913/Desktop/JC/Jinhua/TD_N19EP_AASOC   EB/2.Spectra/FM/DOE2 AIT0161.00-11 Specturm/DOE2 AIT0161.00-11   Specturm/10-20-37/2026_7_20_14_47_19/AIT0161.00-11_AIT0161.08_A03-090_2026-7-20-14-47-19_Die23_C-4_R1_20260804102600274.sme,AIT0161.00-11,AIT0161.08,A03-090,2026-7-20-14-47-19,23,-4,1,-113.475,40.1867,22.009,0.999,0.9907,0,20,47.8528,54.3832,9.5424,26.717,13.573,18.262,29.909,54.383,62.55,43.57,25.19,3.914,0.15,21.752,9.542
C:/Users/JC1913/Desktop/JC/Jinhua/TD_N19EP_AASOC   EB/2.Spectra/FM/DOE2 AIT0161.00-11 Specturm/DOE2 AIT0161.00-11   Specturm/10-20-37/2026_7_20_14_47_19/AIT0161.00-11_AIT0161.08_A03-090_2026-7-20-14-47-19_Die24_C-3_R1_20260804102603774.sme,AIT0161.00-11,AIT0161.08,A03-090,2026-7-20-14-47-19,24,-3,1,-87.9148,40.1867,22.111,0.999,0.9907,1,20,51.0512,55.5834,7.6342,20.237,16.122,17.402,18.879,55.583,64.304,48.992,20.348,0,0.634,22.999,7.634
C:/Users/JC1913/Desktop/JC/Jinhua/TD_N19EP_AASOC   EB/2.Spectra/FM/DOE2 AIT0161.00-11 Specturm/DOE2 AIT0161.00-11   Specturm/10-20-37/2026_7_20_14_47_19/AIT0161.00-11_AIT0161.08_A03-090_2026-7-20-14-47-19_Die25_C-2_R1_20260804102607274.sme,AIT0161.00-11,AIT0161.08,A03-090,2026-7-20-14-47-19,25,-2,1,-62.355,40.1867,23.073,0.999,0.9903,0,20,50.1322,57.1027,10.0467,27.972,13.99,18.326,28.189,57.103,63.955,42.496,27.778,5.332,0.15,17.408,10.047
C:/Users/JC1913/Desktop/JC/Jinhua/TD_N19EP_AASOC   EB/2.Spectra/FM/DOE2 AIT0161.00-11 Specturm/DOE2 AIT0161.00-11   Specturm/10-20-37/2026_7_20_14_47_19/AIT0161.00-11_AIT0161.08_A03-090_2026-7-20-14-47-19_Die26_C-1_R1_20260804102609374.sme,AIT0161.00-11,AIT0161.08,A03-090,2026-7-20-14-47-19,26,-1,1,-36.7952,40.1867,22.998,0.999,0.9904,0,20,49.4187,56.4443,10.0818,27.997,13.689,18.97,29.559,56.444,63.759,42.223,27.961,5.563,0.15,17.883,10.082
C:/Users/JC1913/Desktop/JC/Jinhua/TD_N19EP_AASOC   EB/2.Spectra/FM/DOE2 AIT0161.00-11 Specturm/DOE2 AIT0161.00-11   Specturm/10-20-37/2026_7_20_14_47_19/AIT0161.00-11_AIT0161.08_A03-090_2026-7-20-14-47-19_Die27_C0_R1_20260804102611476.sme,AIT0161.00-11,AIT0161.08,A03-090,2026-7-20-14-47-19,27,0,1,-11.2354,40.1867,23.133,0.999,0.9903,0,20,50.4759,57.1426,9.7526,27.969,14.388,18.335,29.635,57.143,63.292,41.655,28.74,5.174,0.15,18.947,9.753
C:/Users/JC1913/Desktop/JC/Jinhua/TD_N19EP_AASOC   EB/2.Spectra/FM/DOE2 AIT0161.00-11 Specturm/DOE2 AIT0161.00-11   Specturm/10-20-37/2026_7_20_14_47_19/AIT0161.00-11_AIT0161.08_A03-090_2026-7-20-14-47-19_Die28_C1_R1_20260804102614974.sme,AIT0161.00-11,AIT0161.08,A03-090,2026-7-20-14-47-19,28,1,1,14.3244,40.1867,22.626,0.999,0.9905,0,20,48.9098,54.4986,8.6306,20.857,15.913,21.003,19.115,54.499,63.127,48.975,20.878,6.094,0.7,17.813,8.631
C:/Users/JC1913/Desktop/JC/Jinhua/TD_N19EP_AASOC   EB/2.Spectra/FM/DOE2 AIT0161.00-11 Specturm/DOE2 AIT0161.00-11   Specturm/10-20-37/2026_7_20_14_47_19/AIT0161.00-11_AIT0161.08_A03-090_2026-7-20-14-47-19_Die29_C2_R1_20260804102618476.sme,AIT0161.00-11,AIT0161.08,A03-090,2026-7-20-14-47-19,29,2,1,39.8841,40.1867,23.989,0.999,0.99,0,20,48.0028,54.6512,9.6646,27.971,16.614,18.595,24.427,54.651,62.657,42.979,28.368,6.226,0.15,15.624,9.665
C:/Users/JC1913/Desktop/JC/Jinhua/TD_N19EP_AASOC   EB/2.Spectra/FM/DOE2 AIT0161.00-11 Specturm/DOE2 AIT0161.00-11   Specturm/10-20-37/2026_7_20_14_47_19/AIT0161.00-11_AIT0161.08_A03-090_2026-7-20-14-47-19_Die30_C3_R1_20260804102621973.sme,AIT0161.00-11,AIT0161.08,A03-090,2026-7-20-14-47-19,30,3,1,65.4439,40.1867,20.154,0.999,0.9913,0,18,51.473,57.0873,8.7283,19.103,18.539,14.338,17.963,57.087,63.339,47.499,21.007,0.115,0.476,11.055,8.728
C:/Users/JC1913/Desktop/JC/Jinhua/TD_N19EP_AASOC   EB/2.Spectra/FM/DOE2 AIT0161.00-11 Specturm/DOE2 AIT0161.00-11   Specturm/10-20-37/2026_7_20_14_47_19/AIT0161.00-11_AIT0161.08_A03-090_2026-7-20-14-47-19_Die31_C4_R1_20260804102625473.sme,AIT0161.00-11,AIT0161.08,A03-090,2026-7-20-14-47-19,31,4,1,91.0037,40.1867,33.518,0.998,0.9853,0,20,44.8089,54.1988,12.3163,27.449,15.724,19.791,16.48,54.199,62.652,41.682,32.693,5.522,0.15,5.355,12.316
C:/Users/JC1913/Desktop/JC/Jinhua/TD_N19EP_AASOC   EB/2.Spectra/FM/DOE2 AIT0161.00-11 Specturm/DOE2 AIT0161.00-11   Specturm/10-20-37/2026_7_20_14_47_19/AIT0161.00-11_AIT0161.08_A03-090_2026-7-20-14-47-19_Die32_C5_R1_20260804102629323.sme,AIT0161.00-11,AIT0161.08,A03-090,2026-7-20-14-47-19,32,5,1,116.5635,40.1867,29.644,0.998,0.9875,0,20,44.1509,53.114,11.871,19.629,16.242,18.868,17.568,53.114,61.367,43.541,29.452,4.451,0.206,6.934,11.871
C:/Users/JC1913/Desktop/JC/Jinhua/TD_N19EP_AASOC   EB/2.Spectra/FM/DOE2 AIT0161.00-11 Specturm/DOE2 AIT0161.00-11   Specturm/10-20-37/2026_7_20_14_47_19/AIT0161.00-11_AIT0161.08_A03-090_2026-7-20-14-47-19_Die33_C-4_R0_20260804102632823.sme,AIT0161.00-11,AIT0161.08,A03-090,2026-7-20-14-47-19,33,-4,0,-113.475,10.9845,22.497,0.999,0.9906,0,20,47.9754,53.7751,8.8152,25.871,15.667,17.196,27.79,53.775,62.512,46.151,22.886,3.459,0.15,18.833,8.815
C:/Users/JC1913/Desktop/JC/Jinhua/TD_N19EP_AASOC   EB/2.Spectra/FM/DOE2 AIT0161.00-11 Specturm/DOE2 AIT0161.00-11   Specturm/10-20-37/2026_7_20_14_47_19/AIT0161.00-11_AIT0161.08_A03-090_2026-7-20-14-47-19_Die34_C-3_R0_20260804102636323.sme,AIT0161.00-11,AIT0161.08,A03-090,2026-7-20-14-47-19,34,-3,0,-87.9148,10.9845,22.103,0.999,0.9907,0,20,50.1129,55.9148,8.8776,25.579,15.674,17.58,26.616,55.915,63.922,45.578,23.278,5.133,0.15,16.595,8.878
C:/Users/JC1913/Desktop/JC/Jinhua/TD_N19EP_AASOC   EB/2.Spectra/FM/DOE2 AIT0161.00-11 Specturm/DOE2 AIT0161.00-11   Specturm/10-20-37/2026_7_20_14_47_19/AIT0161.00-11_AIT0161.08_A03-090_2026-7-20-14-47-19_Die35_C-2_R0_20260804102639473.sme,AIT0161.00-11,AIT0161.08,A03-090,2026-7-20-14-47-19,35,-2,0,-62.355,10.9845,22.921,0.999,0.9904,0,20,49.1481,56.6156,10.516,27.994,13.389,18.964,29.265,56.616,63.397,42.048,28.12,5.21,0.15,17.474,10.516
C:/Users/JC1913/Desktop/JC/Jinhua/TD_N19EP_AASOC   EB/2.Spectra/FM/DOE2 AIT0161.00-11 Specturm/DOE2 AIT0161.00-11   Specturm/10-20-37/2026_7_20_14_47_19/AIT0161.00-11_AIT0161.08_A03-090_2026-7-20-14-47-19_Die36_C-1_R0_20260804102642273.sme,AIT0161.00-11,AIT0161.08,A03-090,2026-7-20-14-47-19,36,-1,0,-36.7952,10.9845,23.149,0.999,0.9903,0,20,49.7152,56.6683,10.0176,27.996,14.261,18.671,29.709,56.668,63.263,41.429,29.094,5.429,0.15,18.592,10.018
C:/Users/JC1913/Desktop/JC/Jinhua/TD_N19EP_AASOC   EB/2.Spectra/FM/DOE2 AIT0161.00-11 Specturm/DOE2 AIT0161.00-11   Specturm/10-20-37/2026_7_20_14_47_19/AIT0161.00-11_AIT0161.08_A03-090_2026-7-20-14-47-19_Die37_C0_R0_20260804102644373.sme,AIT0161.00-11,AIT0161.08,A03-090,2026-7-20-14-47-19,37,0,0,-11.2354,10.9845,23.328,0.999,0.9903,0,20,50.2997,57.3147,10.0959,27.977,14.789,18.48,28.517,57.315,63.818,40.336,30.974,4.611,0.15,18.646,10.096
C:/Users/JC1913/Desktop/JC/Jinhua/TD_N19EP_AASOC   EB/2.Spectra/FM/DOE2 AIT0161.00-11 Specturm/DOE2 AIT0161.00-11   Specturm/10-20-37/2026_7_20_14_47_19/AIT0161.00-11_AIT0161.08_A03-090_2026-7-20-14-47-19_Die38_C1_R0_20260804102647873.sme,AIT0161.00-11,AIT0161.08,A03-090,2026-7-20-14-47-19,38,1,0,14.3244,10.9845,21.103,0.999,0.991,0,20,51.5136,56.282,7.8835,20.328,18.057,15.416,19.973,56.282,63.711,47.873,21.117,1.482,0.454,12.912,7.884
C:/Users/JC1913/Desktop/JC/Jinhua/TD_N19EP_AASOC   EB/2.Spectra/FM/DOE2 AIT0161.00-11 Specturm/DOE2 AIT0161.00-11   Specturm/10-20-37/2026_7_20_14_47_19/AIT0161.00-11_AIT0161.08_A03-090_2026-7-20-14-47-19_Die39_C2_R0_20260804102651373.sme,AIT0161.00-11,AIT0161.08,A03-090,2026-7-20-14-47-19,39,2,0,39.8841,10.9845,23.191,0.999,0.9903,0,20,47.6739,55.0825,10.4157,27.992,15.19,18.856,28.453,55.083,62.882,41.424,29.805,4.632,0.15,20.067,10.416
C:/Users/JC1913/Desktop/JC/Jinhua/TD_N19EP_AASOC   EB/2.Spectra/FM/DOE2 AIT0161.00-11 Specturm/DOE2 AIT0161.00-11   Specturm/10-20-37/2026_7_20_14_47_19/AIT0161.00-11_AIT0161.08_A03-090_2026-7-20-14-47-19_Die40_C3_R0_20260804102654873.sme,AIT0161.00-11,AIT0161.08,A03-090,2026-7-20-14-47-19,40,3,0,65.4439,10.9845,20.587,0.999,0.9912,0,20,49.4119,55.4891,9.1331,22.066,16.926,17.401,24.296,55.489,63.213,46.835,22.356,4.323,0.15,14.274,9.133
C:/Users/JC1913/Desktop/JC/Jinhua/TD_N19EP_AASOC   EB/2.Spectra/FM/DOE2 AIT0161.00-11 Specturm/DOE2 AIT0161.00-11   Specturm/10-20-37/2026_7_20_14_47_19/AIT0161.00-11_AIT0161.08_A03-090_2026-7-20-14-47-19_Die41_C4_R0_20260804102658372.sme,AIT0161.00-11,AIT0161.08,A03-090,2026-7-20-14-47-19,41,4,0,91.0037,10.9845,22.52,0.999,0.9905,0,20,49.9084,57.237,10.3985,27.972,13.48,18.202,28.348,57.237,63.83,42.071,28.134,4.498,0.15,18.365,10.398
C:/Users/JC1913/Desktop/JC/Jinhua/TD_N19EP_AASOC   EB/2.Spectra/FM/DOE2 AIT0161.00-11 Specturm/DOE2 AIT0161.00-11   Specturm/10-20-37/2026_7_20_14_47_19/AIT0161.00-11_AIT0161.08_A03-090_2026-7-20-14-47-19_Die42_C5_R0_20260804102700822.sme,AIT0161.00-11,AIT0161.08,A03-090,2026-7-20-14-47-19,42,5,0,116.5635,10.9845,21.224,0.999,0.991,0,20,49.6661,55.0081,8.4051,23.388,16.193,16.263,24.031,55.008,62.265,46.603,22.152,2.687,0.15,15.203,8.405
C:/Users/JC1913/Desktop/JC/Jinhua/TD_N19EP_AASOC   EB/2.Spectra/FM/DOE2 AIT0161.00-11 Specturm/DOE2 AIT0161.00-11   Specturm/10-20-37/2026_7_20_14_47_19/AIT0161.00-11_AIT0161.08_A03-090_2026-7-20-14-47-19_Die43_C-4_R-1_20260804102704323.sme,AIT0161.00-11,AIT0161.08,A03-090,2026-7-20-14-47-19,43,-4,-1,-113.475,-18.2178,22.592,0.999,0.9905,1,20,48.8171,55.9185,10.1406,27.897,12.334,18.519,30,55.919,62.414,42.174,27.391,2.867,0.15,21.32,10.141
C:/Users/JC1913/Desktop/JC/Jinhua/TD_N19EP_AASOC   EB/2.Spectra/FM/DOE2 AIT0161.00-11 Specturm/DOE2 AIT0161.00-11   Specturm/10-20-37/2026_7_20_14_47_19/AIT0161.00-11_AIT0161.08_A03-090_2026-7-20-14-47-19_Die44_C-3_R-1_20260804102707822.sme,AIT0161.00-11,AIT0161.08,A03-090,2026-7-20-14-47-19,44,-3,-1,-87.9148,-18.2178,23.187,0.999,0.9903,0,20,50.2733,57.0001,9.807,27.953,13.854,18.14,27.952,57,63.696,42.851,27.334,4.501,0.15,17.469,9.807
C:/Users/JC1913/Desktop/JC/Jinhua/TD_N19EP_AASOC   EB/2.Spectra/FM/DOE2 AIT0161.00-11 Specturm/DOE2 AIT0161.00-11   Specturm/10-20-37/2026_7_20_14_47_19/AIT0161.00-11_AIT0161.08_A03-090_2026-7-20-14-47-19_Die45_C-2_R-1_20260804102711322.sme,AIT0161.00-11,AIT0161.08,A03-090,2026-7-20-14-47-19,45,-2,-1,-62.355,-18.2178,21.9,0.999,0.9908,1,20,52.6639,56.2569,6.7404,19.86,17.634,15.468,19.957,56.257,63.178,47.992,21.166,0,0.469,20.856,6.74
C:/Users/JC1913/Desktop/JC/Jinhua/TD_N19EP_AASOC   EB/2.Spectra/FM/DOE2 AIT0161.00-11 Specturm/DOE2 AIT0161.00-11   Specturm/10-20-37/2026_7_20_14_47_19/AIT0161.00-11_AIT0161.08_A03-090_2026-7-20-14-47-19_Die46_C-1_R-1_20260804102713422.sme,AIT0161.00-11,AIT0161.08,A03-090,2026-7-20-14-47-19,46,-1,-1,-36.7952,-18.2178,21.574,0.999,0.9909,1,20,52.5345,55.6336,6.2429,19.751,18.229,15.675,20.189,55.634,62.918,48.152,21.007,0,0.449,21.159,6.243
C:/Users/JC1913/Desktop/JC/Jinhua/TD_N19EP_AASOC   EB/2.Spectra/FM/DOE2 AIT0161.00-11 Specturm/DOE2 AIT0161.00-11   Specturm/10-20-37/2026_7_20_14_47_19/AIT0161.00-11_AIT0161.08_A03-090_2026-7-20-14-47-19_Die47_C0_R-1_20260804102715522.sme,AIT0161.00-11,AIT0161.08,A03-090,2026-7-20-14-47-19,47,0,-1,-11.2354,-18.2178,22.993,0.999,0.9904,0,20,49.496,56.4558,10.0181,27.994,14.791,18.48,30,56.456,63.709,41.323,29.361,5.238,0.15,19.975,10.018
C:/Users/JC1913/Desktop/JC/Jinhua/TD_N19EP_AASOC   EB/2.Spectra/FM/DOE2 AIT0161.00-11 Specturm/DOE2 AIT0161.00-11   Specturm/10-20-37/2026_7_20_14_47_19/AIT0161.00-11_AIT0161.08_A03-090_2026-7-20-14-47-19_Die48_C1_R-1_20260804102719022.sme,AIT0161.00-11,AIT0161.08,A03-090,2026-7-20-14-47-19,48,1,-1,14.3244,-18.2178,23.215,0.999,0.9903,0,20,50.5511,57.0027,9.5396,27.989,14.578,18.437,29.801,57.003,63.749,42.023,28.286,5.613,0.15,19.075,9.54
C:/Users/JC1913/Desktop/JC/Jinhua/TD_N19EP_AASOC   EB/2.Spectra/FM/DOE2 AIT0161.00-11 Specturm/DOE2 AIT0161.00-11   Specturm/10-20-37/2026_7_20_14_47_19/AIT0161.00-11_AIT0161.08_A03-090_2026-7-20-14-47-19_Die49_C2_R-1_20260804102722522.sme,AIT0161.00-11,AIT0161.08,A03-090,2026-7-20-14-47-19,49,2,-1,39.8841,-18.2178,24.25,0.999,0.9899,0,20,46.7579,54.0771,10.3005,27.98,16.317,18.941,25.63,54.077,63.38,42.832,28.459,5.092,0.15,15.775,10.3
C:/Users/JC1913/Desktop/JC/Jinhua/TD_N19EP_AASOC   EB/2.Spectra/FM/DOE2 AIT0161.00-11 Specturm/DOE2 AIT0161.00-11   Specturm/10-20-37/2026_7_20_14_47_19/AIT0161.00-11_AIT0161.08_A03-090_2026-7-20-14-47-19_Die50_C3_R-1_20260804102726022.sme,AIT0161.00-11,AIT0161.08,A03-090,2026-7-20-14-47-19,50,3,-1,65.4439,-18.2178,23.09,0.999,0.9903,0,20,49.6155,56.8348,10.281,27.986,13.791,18.655,28.516,56.835,63.658,42.392,27.688,5.481,0.15,16.96,10.281
C:/Users/JC1913/Desktop/JC/Jinhua/TD_N19EP_AASOC   EB/2.Spectra/FM/DOE2 AIT0161.00-11 Specturm/DOE2 AIT0161.00-11   Specturm/10-20-37/2026_7_20_14_47_19/AIT0161.00-11_AIT0161.08_A03-090_2026-7-20-14-47-19_Die51_C4_R-1_20260804102729522.sme,AIT0161.00-11,AIT0161.08,A03-090,2026-7-20-14-47-19,51,4,-1,91.0037,-18.2178,23.086,0.999,0.9903,0,20,50.1427,56.9917,9.9255,27.959,13.856,18.078,27.978,56.992,63.904,42.899,27.076,4.57,0.15,17.58,9.925
C:/Users/JC1913/Desktop/JC/Jinhua/TD_N19EP_AASOC   EB/2.Spectra/FM/DOE2 AIT0161.00-11 Specturm/DOE2 AIT0161.00-11   Specturm/10-20-37/2026_7_20_14_47_19/AIT0161.00-11_AIT0161.08_A03-090_2026-7-20-14-47-19_Die52_C5_R-1_20260804102733372.sme,AIT0161.00-11,AIT0161.08,A03-090,2026-7-20-14-47-19,52,5,-1,116.5635,-18.2178,22.342,0.999,0.9906,0,20,48.5031,55.4569,9.9842,26.091,13.476,18.822,26.587,55.457,62.037,41.841,29.323,6.261,0.15,18.45,9.984
C:/Users/JC1913/Desktop/JC/Jinhua/TD_N19EP_AASOC   EB/2.Spectra/FM/DOE2 AIT0161.00-11 Specturm/DOE2 AIT0161.00-11   Specturm/10-20-37/2026_7_20_14_47_19/AIT0161.00-11_AIT0161.08_A03-090_2026-7-20-14-47-19_Die53_C-4_R-2_20260804102736871.sme,AIT0161.00-11,AIT0161.08,A03-090,2026-7-20-14-47-19,53,-4,-2,-113.475,-47.42,19.071,0.999,0.9916,0,18,49.5252,54.4564,7.9903,17.832,18.262,14.019,17.736,54.456,61.825,48.445,20.062,0.052,0.472,9.029,7.99
C:/Users/JC1913/Desktop/JC/Jinhua/TD_N19EP_AASOC   EB/2.Spectra/FM/DOE2 AIT0161.00-11 Specturm/DOE2 AIT0161.00-11   Specturm/10-20-37/2026_7_20_14_47_19/AIT0161.00-11_AIT0161.08_A03-090_2026-7-20-14-47-19_Die54_C-3_R-2_20260804102740371.sme,AIT0161.00-11,AIT0161.08,A03-090,2026-7-20-14-47-19,54,-3,-2,-87.9148,-47.42,23.028,0.999,0.9904,0,20,49.6402,56.694,10.1162,27.957,13.211,18.414,28.991,56.694,63.075,42.77,27.015,3.627,0.15,18.144,10.116
C:/Users/JC1913/Desktop/JC/Jinhua/TD_N19EP_AASOC   EB/2.Spectra/FM/DOE2 AIT0161.00-11 Specturm/DOE2 AIT0161.00-11   Specturm/10-20-37/2026_7_20_14_47_19/AIT0161.00-11_AIT0161.08_A03-090_2026-7-20-14-47-19_Die55_C-2_R-2_20260804102743521.sme,AIT0161.00-11,AIT0161.08,A03-090,2026-7-20-14-47-19,55,-2,-2,-62.355,-47.42,21.956,0.999,0.9907,1,20,53.5226,57.0566,6.7055,19.46,17.226,16.021,20.723,57.057,63.272,47.279,22.171,0,0.423,21.824,6.706
C:/Users/JC1913/Desktop/JC/Jinhua/TD_N19EP_AASOC   EB/2.Spectra/FM/DOE2 AIT0161.00-11 Specturm/DOE2 AIT0161.00-11   Specturm/10-20-37/2026_7_20_14_47_19/AIT0161.00-11_AIT0161.08_A03-090_2026-7-20-14-47-19_Die56_C-1_R-2_20260804102745971.sme,AIT0161.00-11,AIT0161.08,A03-090,2026-7-20-14-47-19,56,-1,-2,-36.7952,-47.42,22.754,0.999,0.9905,0,20,49.3501,56.629,10.333,27.984,13.809,18.677,29.398,56.629,63.061,41.683,28.875,4.978,0.15,18.302,10.333
C:/Users/JC1913/Desktop/JC/Jinhua/TD_N19EP_AASOC   EB/2.Spectra/FM/DOE2 AIT0161.00-11 Specturm/DOE2 AIT0161.00-11   Specturm/10-20-37/2026_7_20_14_47_19/AIT0161.00-11_AIT0161.08_A03-090_2026-7-20-14-47-19_Die57_C0_R-2_20260804102748071.sme,AIT0161.00-11,AIT0161.08,A03-090,2026-7-20-14-47-19,57,0,-2,-11.2354,-47.42,23.154,0.999,0.9903,1,20,48.7934,56.3981,10.6433,27.99,14.41,18.48,30,56.398,63.261,40.85,30.052,4.668,0.15,20.45,10.643
C:/Users/JC1913/Desktop/JC/Jinhua/TD_N19EP_AASOC   EB/2.Spectra/FM/DOE2 AIT0161.00-11 Specturm/DOE2 AIT0161.00-11   Specturm/10-20-37/2026_7_20_14_47_19/AIT0161.00-11_AIT0161.08_A03-090_2026-7-20-14-47-19_Die58_C1_R-2_20260804102751571.sme,AIT0161.00-11,AIT0161.08,A03-090,2026-7-20-14-47-19,58,1,-2,14.3244,-47.42,22.852,0.999,0.9904,1,20,49.4312,56.6942,10.3195,27.995,13.68,18.877,30,56.694,63.492,41.863,28.286,5.158,0.15,18.778,10.32
C:/Users/JC1913/Desktop/JC/Jinhua/TD_N19EP_AASOC   EB/2.Spectra/FM/DOE2 AIT0161.00-11 Specturm/DOE2 AIT0161.00-11   Specturm/10-20-37/2026_7_20_14_47_19/AIT0161.00-11_AIT0161.08_A03-090_2026-7-20-14-47-19_Die59_C2_R-2_20260804102755071.sme,AIT0161.00-11,AIT0161.08,A03-090,2026-7-20-14-47-19,59,2,-2,39.8841,-47.42,34.934,0.998,0.9843,1,20,43.6151,53.2596,12.5373,28,17.08,19.653,16.651,53.26,62.707,41.583,33.1,4.828,0.15,5.466,12.537
C:/Users/JC1913/Desktop/JC/Jinhua/TD_N19EP_AASOC   EB/2.Spectra/FM/DOE2 AIT0161.00-11 Specturm/DOE2 AIT0161.00-11   Specturm/10-20-37/2026_7_20_14_47_19/AIT0161.00-11_AIT0161.08_A03-090_2026-7-20-14-47-19_Die60_C3_R-2_20260804102758571.sme,AIT0161.00-11,AIT0161.08,A03-090,2026-7-20-14-47-19,60,3,-2,65.4439,-47.42,34.432,0.998,0.9847,0,20,43.2648,53.1937,12.8118,27.78,15.799,20.445,18.476,53.194,63.076,41.364,33.675,6.553,0.15,7.933,12.812
C:/Users/JC1913/Desktop/JC/Jinhua/TD_N19EP_AASOC   EB/2.Spectra/FM/DOE2 AIT0161.00-11 Specturm/DOE2 AIT0161.00-11   Specturm/10-20-37/2026_7_20_14_47_19/AIT0161.00-11_AIT0161.08_A03-090_2026-7-20-14-47-19_Die61_C4_R-2_20260804102802071.sme,AIT0161.00-11,AIT0161.08,A03-090,2026-7-20-14-47-19,61,4,-2,91.0037,-47.42,21.99,0.999,0.9907,0,20,50.0903,55.7801,8.7648,25.786,15,17.639,29.012,55.78,63.152,44.724,24.044,5.377,0.15,20.96,8.765
C:/Users/JC1913/Desktop/JC/Jinhua/TD_N19EP_AASOC   EB/2.Spectra/FM/DOE2 AIT0161.00-11 Specturm/DOE2 AIT0161.00-11   Specturm/10-20-37/2026_7_20_14_47_19/AIT0161.00-11_AIT0161.08_A03-090_2026-7-20-14-47-19_Die62_C5_R-2_20260804102805920.sme,AIT0161.00-11,AIT0161.08,A03-090,2026-7-20-14-47-19,62,5,-2,116.5635,-47.42,19.24,0.999,0.9916,0,20,48.4288,53.5316,8.131,18.095,18.175,14.726,18.932,53.532,61.977,48.258,20.699,0.372,0.396,11.055,8.131
C:/Users/JC1913/Desktop/JC/Jinhua/TD_N19EP_AASOC   EB/2.Spectra/FM/DOE2 AIT0161.00-11 Specturm/DOE2 AIT0161.00-11   Specturm/10-20-37/2026_7_20_14_47_19/AIT0161.00-11_AIT0161.08_A03-090_2026-7-20-14-47-19_Die63_C-3_R-3_20260804102809421.sme,AIT0161.00-11,AIT0161.08,A03-090,2026-7-20-14-47-19,63,-3,-3,-87.9148,-76.6222,23.061,0.999,0.9903,0,20,48.9969,54.5892,8.6366,25.964,15.853,16.781,27.535,54.589,62.553,45.781,23.013,2.741,0.15,18.679,8.637
C:/Users/JC1913/Desktop/JC/Jinhua/TD_N19EP_AASOC   EB/2.Spectra/FM/DOE2 AIT0161.00-11 Specturm/DOE2 AIT0161.00-11   Specturm/10-20-37/2026_7_20_14_47_19/AIT0161.00-11_AIT0161.08_A03-090_2026-7-20-14-47-19_Die64_C-2_R-3_20260804102812921.sme,AIT0161.00-11,AIT0161.08,A03-090,2026-7-20-14-47-19,64,-2,-3,-62.355,-76.6222,23.062,0.999,0.9903,0,20,50.2457,57.0945,9.9282,27.948,13.673,17.999,28.196,57.094,63.526,42.829,27.295,4.045,0.15,18.035,9.928
C:/Users/JC1913/Desktop/JC/Jinhua/TD_N19EP_AASOC   EB/2.Spectra/FM/DOE2 AIT0161.00-11 Specturm/DOE2 AIT0161.00-11   Specturm/10-20-37/2026_7_20_14_47_19/AIT0161.00-11_AIT0161.08_A03-090_2026-7-20-14-47-19_Die65_C-1_R-3_20260804102815020.sme,AIT0161.00-11,AIT0161.08,A03-090,2026-7-20-14-47-19,65,-1,-3,-36.7952,-76.6222,20.133,0.999,0.9913,0,17,52.5117,57.7419,8.3733,19.017,18.349,13.544,17.369,57.742,63.644,47.749,20.427,0.076,0.536,9.979,8.373
C:/Users/JC1913/Desktop/JC/Jinhua/TD_N19EP_AASOC   EB/2.Spectra/FM/DOE2 AIT0161.00-11 Specturm/DOE2 AIT0161.00-11   Specturm/10-20-37/2026_7_20_14_47_19/AIT0161.00-11_AIT0161.08_A03-090_2026-7-20-14-47-19_Die66_C0_R-3_20260804102817120.sme,AIT0161.00-11,AIT0161.08,A03-090,2026-7-20-14-47-19,66,0,-3,-11.2354,-76.6222,22.644,0.999,0.9905,0,20,49.8649,57.1122,10.316,27.971,14.011,17.983,29.143,57.112,63.47,41.888,28.385,4.341,0.15,19.27,10.316
C:/Users/JC1913/Desktop/JC/Jinhua/TD_N19EP_AASOC   EB/2.Spectra/FM/DOE2 AIT0161.00-11 Specturm/DOE2 AIT0161.00-11   Specturm/10-20-37/2026_7_20_14_47_19/AIT0161.00-11_AIT0161.08_A03-090_2026-7-20-14-47-19_Die67_C1_R-3_20260804102820621.sme,AIT0161.00-11,AIT0161.08,A03-090,2026-7-20-14-47-19,67,1,-3,14.3244,-76.6222,22.945,0.999,0.9904,0,20,50.3988,57.2906,9.9754,27.964,14.318,17.822,28.532,57.291,63.652,42.452,27.694,4.404,0.15,18.578,9.975
C:/Users/JC1913/Desktop/JC/Jinhua/TD_N19EP_AASOC   EB/2.Spectra/FM/DOE2 AIT0161.00-11 Specturm/DOE2 AIT0161.00-11   Specturm/10-20-37/2026_7_20_14_47_19/AIT0161.00-11_AIT0161.08_A03-090_2026-7-20-14-47-19_Die68_C2_R-3_20260804102824120.sme,AIT0161.00-11,AIT0161.08,A03-090,2026-7-20-14-47-19,68,2,-3,39.8841,-76.6222,24.022,0.999,0.99,0,20,47.2189,54.8371,10.6124,21.863,16.865,18.331,18.096,54.837,63.676,44.981,27.154,5.016,0.369,7.972,10.612
C:/Users/JC1913/Desktop/JC/Jinhua/TD_N19EP_AASOC   EB/2.Spectra/FM/DOE2 AIT0161.00-11 Specturm/DOE2 AIT0161.00-11   Specturm/10-20-37/2026_7_20_14_47_19/AIT0161.00-11_AIT0161.08_A03-090_2026-7-20-14-47-19_Die69_C3_R-3_20260804102827620.sme,AIT0161.00-11,AIT0161.08,A03-090,2026-7-20-14-47-19,69,3,-3,65.4439,-76.6222,22.557,0.999,0.9905,0,20,49.2713,56.9418,10.7224,27.952,13.693,18,29.121,56.942,63.708,41.588,28.598,3.935,0.15,19.589,10.722
C:/Users/JC1913/Desktop/JC/Jinhua/TD_N19EP_AASOC   EB/2.Spectra/FM/DOE2 AIT0161.00-11 Specturm/DOE2 AIT0161.00-11   Specturm/10-20-37/2026_7_20_14_47_19/AIT0161.00-11_AIT0161.08_A03-090_2026-7-20-14-47-19_Die70_C4_R-3_20260804102831470.sme,AIT0161.00-11,AIT0161.08,A03-090,2026-7-20-14-47-19,70,4,-3,91.0037,-76.6222,21.498,0.999,0.9909,0,20,49.1212,55.2185,9.145,25.337,14.742,17.676,26.764,55.218,62.804,45.124,24.101,5.322,0.15,17.686,9.145
C:/Users/JC1913/Desktop/JC/Jinhua/TD_N19EP_AASOC   EB/2.Spectra/FM/DOE2 AIT0161.00-11 Specturm/DOE2 AIT0161.00-11   Specturm/10-20-37/2026_7_20_14_47_19/AIT0161.00-11_AIT0161.08_A03-090_2026-7-20-14-47-19_Die71_C-2_R-4_20260804102834620.sme,AIT0161.00-11,AIT0161.08,A03-090,2026-7-20-14-47-19,71,-2,-4,-62.355,-105.824,18.972,0.999,0.9917,1,19,48.7943,54.2102,8.4544,17.751,18.277,14.032,17.853,54.21,61.646,48.23,20.194,0,0.469,9.325,8.454
C:/Users/JC1913/Desktop/JC/Jinhua/TD_N19EP_AASOC   EB/2.Spectra/FM/DOE2 AIT0161.00-11 Specturm/DOE2 AIT0161.00-11   Specturm/10-20-37/2026_7_20_14_47_19/AIT0161.00-11_AIT0161.08_A03-090_2026-7-20-14-47-19_Die72_C-1_R-4_20260804102836720.sme,AIT0161.00-11,AIT0161.08,A03-090,2026-7-20-14-47-19,72,-1,-4,-36.7952,-105.824,19.71,0.999,0.9914,0,19,49.4379,55.3981,9.0169,18.48,18.248,14.962,19.131,55.398,62.686,47.272,21.728,0.594,0.368,11.213,9.017
C:/Users/JC1913/Desktop/JC/Jinhua/TD_N19EP_AASOC   EB/2.Spectra/FM/DOE2 AIT0161.00-11 Specturm/DOE2 AIT0161.00-11   Specturm/10-20-37/2026_7_20_14_47_19/AIT0161.00-11_AIT0161.08_A03-090_2026-7-20-14-47-19_Die73_C0_R-4_20260804102838830.sme,AIT0161.00-11,AIT0161.08,A03-090,2026-7-20-14-47-19,73,0,-4,-11.2354,-105.824,19.815,0.999,0.9914,0,20,50.2049,56.2883,9.1617,19.107,18.162,15.005,19.711,56.288,63.281,47.152,21.669,0.777,0.357,11.88,9.162
C:/Users/JC1913/Desktop/JC/Jinhua/TD_N19EP_AASOC   EB/2.Spectra/FM/DOE2 AIT0161.00-11 Specturm/DOE2 AIT0161.00-11   Specturm/10-20-37/2026_7_20_14_47_19/AIT0161.00-11_AIT0161.08_A03-090_2026-7-20-14-47-19_Die74_C1_R-4_20260804102842320.sme,AIT0161.00-11,AIT0161.08,A03-090,2026-7-20-14-47-19,74,1,-4,14.3244,-105.824,21.744,0.999,0.9908,1,20,49.2458,55.4884,9.2939,19.709,15.519,18.294,19.676,55.488,63.429,48.054,21.688,0,0.631,22.505,9.294
C:/Users/JC1913/Desktop/JC/Jinhua/TD_N19EP_AASOC   EB/2.Spectra/FM/DOE2 AIT0161.00-11 Specturm/DOE2 AIT0161.00-11   Specturm/10-20-37/2026_7_20_14_47_19/AIT0161.00-11_AIT0161.08_A03-090_2026-7-20-14-47-19_Die75_C2_R-4_20260804102845820.sme,AIT0161.00-11,AIT0161.08,A03-090,2026-7-20-14-47-19,75,2,-4,39.8841,-105.824,21.35,0.999,0.9909,0,20,46.9774,54.9709,10.9809,26.986,14.939,17.723,27.098,54.971,62.918,43.534,26.31,2.946,0.15,17.65,10.981
C:/Users/JC1913/Desktop/JC/Jinhua/TD_N19EP_AASOC   EB/2.Spectra/FM/DOE2 AIT0161.00-11 Specturm/DOE2 AIT0161.00-11   Specturm/10-20-37/2026_7_20_14_47_19/AIT0161.00-11_AIT0161.08_A03-090_2026-7-20-14-47-19_Die76_C3_R-4_20260804102848620.sme,AIT0161.00-11,AIT0161.08,A03-090,2026-7-20-14-47-19,76,3,-4,65.4439,-105.824,23.952,0.999,0.9901,0,20,44.2505,53.0257,11.686,26.33,15.163,18.488,22.25,53.026,61.92,42.848,29.586,3.01,0.15,13.459,11.686
C:/Users/JC1913/Desktop/JC/Jinhua/TD_N19EP_AASOC   EB/2.Spectra/FM/DOE2 AIT0161.00-11 Specturm/DOE2 AIT0161.00-11   Specturm/10-20-37/2026_7_20_14_47_19/AIT0161.00-11_AIT0161.08_A03-090_2026-7-20-14-47-19_Die77_C-1_R-5_20260804102850720.sme,AIT0161.00-11,AIT0161.08,A03-090,2026-7-20-14-47-19,77,-1,-5,-36.7952,-135.027,19.866,0.999,0.9914,0,20,48.4093,53.545,8.1634,18.725,17.361,15.855,21.921,53.545,62.174,47.153,22.245,1.984,0.263,13.922,8.163
C:/Users/JC1913/Desktop/JC/Jinhua/TD_N19EP_AASOC   EB/2.Spectra/FM/DOE2 AIT0161.00-11 Specturm/DOE2 AIT0161.00-11   Specturm/10-20-37/2026_7_20_14_47_19/AIT0161.00-11_AIT0161.08_A03-090_2026-7-20-14-47-19_Die78_C0_R-5_20260804102853169.sme,AIT0161.00-11,AIT0161.08,A03-090,2026-7-20-14-47-19,78,0,-5,-11.2354,-135.027,20.14,0.999,0.9913,0,20,46.8609,53.8043,9.9275,23.634,14.73,16.915,29.175,53.804,61.82,44.183,25.236,0.634,0.15,22.534,9.928
C:/Users/JC1913/Desktop/JC/Jinhua/TD_N19EP_AASOC   EB/2.Spectra/FM/DOE2 AIT0161.00-11 Specturm/DOE2 AIT0161.00-11   Specturm/10-20-37/2026_7_20_14_47_19/AIT0161.00-11_AIT0161.08_A03-090_2026-7-20-14-47-19_Die79_C1_R-5_20260804102855969.sme,AIT0161.00-11,AIT0161.08,A03-090,2026-7-20-14-47-19,79,1,-5,14.3244,-135.027,20.035,0.999,0.9914,0,20,46.6842,53.5663,9.8613,22.784,14.881,16.94,28.671,53.566,61.953,44.911,24.194,1.417,0.15,20.444,9.861
C:/Users/JC1913/Desktop/JC/Jinhua/TD_N19EP_AASOC   EB/2.Spectra/FM/DOE2 AIT0161.00-11 Specturm/DOE2 AIT0161.00-11   Specturm/10-20-37/2026_7_20_14_47_19/AIT0161.00-11_AIT0161.08_A03-090_2026-7-20-14-47-19_Die80_C2_R-5_20260804102856008.sme,AIT0161.00-11,AIT0161.08,A03-090,2026-7-20-14-47-19,80,2,-5,39.8841,-135.027,21.834,0.999,0.9908,0,20,47.9736,53.0184,8.0603,22.031,17.622,15.569,26.93,53.018,62.315,46.171,22.567,1.409,0.15,18.591,8.06
